credit_card_id,is_active,id_unico
CcS-4857,1,0
CcS-4858,1,1
CcS-4859,1,2
CcS-4860,1,3
CcS-4861,1,4
CcS-4862,1,5
CcS-4863,1,6
CcS-4864,1,7
CcS-4865,1,8
CcS-4866,1,9
CcS-4867,1,10
CcS-4868,1,11
CcS-4869,1,12
CcS-4870,0,13
CcS-4871,1,14
CcS-4872,1,15
CcS-4873,1,16
CcS-4874,1,17
CcS-4875,1,18
CcS-4876,1,19
CcS-4877,1,20
CcS-4878,1,21
CcS-4879,1,22
CcS-4880,1,23
CcS-4881,1,24
CcS-4882,1,25
CcS-4883,1,26
CcS-4884,1,27
CcS-4885,1,28
CcS-4886,1,29
CcS-4887,1,30
CcS-4888,1,31
CcS-4889,1,32
CcS-4890,1,33
CcS-4891,1,34
CcS-4892,1,35
CcS-4893,1,36
CcS-4894,1,37
CcS-4895,1,38
CcS-4896,1,39
CcS-4897,1,40
CcS-4898,1,41
CcS-4899,0,42
CcS-4900,1,43
CcS-4901,1,44
CcS-4902,1,45
CcS-4903,1,46
CcS-4904,1,47
CcS-4905,1,48
CcS-4906,1,49
CcS-4907,1,50
CcS-4908,1,51
CcS-4909,1,52
CcS-4910,1,53
CcS-4911,1,54
CcS-4912,1,55
CcS-4913,1,56
CcS-4914,1,57
CcS-4915,1,58
CcS-4916,1,59
CcS-4917,1,60
CcS-4918,1,61
CcS-4919,1,62
CcS-4920,1,63
CcS-4921,1,64
CcS-4922,1,65
CcS-4923,1,66
CcS-4924,1,67
CcS-4925,1,68
CcS-4926,1,69
CcS-4927,1,70
CcS-4928,1,71
CcS-4929,1,72
CcS-4930,1,73
CcS-4931,1,74
CcS-4932,1,75
CcS-4933,1,76
CcS-4934,1,77
CcS-4935,1,78
CcS-4936,1,79
CcS-4937,1,80
CcS-4938,1,81
CcS-4939,1,82
CcS-4940,1,83
CcS-4941,1,84
CcS-4942,1,85
CcS-4943,1,86
CcS-4944,1,87
CcS-4945,1,88
CcS-4946,1,89
CcS-4947,1,90
CcS-4948,1,91
CcS-4949,1,92
CcS-4950,1,93
CcS-4951,1,94
CcS-4952,1,95
CcS-4953,1,96
CcS-4954,1,97
CcS-4955,1,98
CcS-4956,1,99
CcS-4957,1,100
CcS-4958,1,101
CcS-4959,1,102
CcS-4960,1,103
CcS-4961,1,104
CcS-4962,1,105
CcS-4963,1,106
CcS-4964,1,107
CcS-4965,1,108
CcS-4966,1,109
CcS-4967,1,110
CcS-4968,1,111
CcS-4969,1,112
CcS-4970,1,113
CcS-4971,1,114
CcS-4972,1,115
CcS-4973,1,116
CcS-4974,1,117
CcS-4975,1,118
CcS-4976,1,119
CcS-4977,1,120
CcS-4978,1,121
CcS-4979,1,122
CcS-4980,1,123
CcS-4981,1,124
CcS-4982,1,125
CcS-4983,1,126
CcS-4984,1,127
CcS-4985,1,128
CcS-4986,1,129
CcS-4987,1,130
CcS-4988,1,131
CcS-4989,1,132
CcS-4990,1,133
CcS-4991,1,134
CcS-4992,1,135
CcS-4993,1,136
CcS-4994,1,137
CcS-4995,1,138
CcS-4996,1,139
CcS-4997,1,140
CcS-4998,0,141
CcS-4999,1,142
CcS-5000,1,143
CcS-5001,1,144
CcS-5002,1,145
CcS-5003,1,146
CcS-5004,1,147
CcS-5005,1,148
CcS-5006,1,149
CcS-5007,1,150
CcS-5008,1,151
CcS-5009,1,152
CcS-5010,1,153
CcS-5011,1,154
CcS-5012,1,155
CcS-5013,1,156
CcS-5014,1,157
CcS-5015,1,158
CcS-5016,1,159
CcS-5017,1,160
CcS-5018,1,161
CcS-5019,1,162
CcS-5020,1,163
CcS-5021,1,164
CcS-5022,1,165
CcS-5023,1,166
CcS-5024,1,167
CcS-5025,1,168
CcS-5026,1,169
CcS-5027,1,170
CcS-5028,1,171
CcS-5029,1,172
CcS-5030,1,173
CcS-5031,1,174
CcS-5032,1,175
CcS-5033,1,176
CcS-5034,1,177
CcS-5035,0,178
CcS-5036,1,179
CcS-5037,1,180
CcS-5038,1,181
CcS-5039,1,182
CcS-5040,1,183
CcS-5041,1,184
CcS-5042,1,185
CcS-5043,1,186
CcS-5044,1,187
CcS-5045,1,188
CcS-5046,1,189
CcS-5047,1,190
CcS-5048,1,191
CcS-5049,1,192
CcS-5050,1,193
CcS-5051,1,194
CcS-5052,1,195
CcS-5053,1,196
CcS-5054,1,197
CcS-5055,1,198
CcS-5056,1,199
CcS-5057,1,200
CcS-5058,1,201
CcS-5059,1,202
CcS-5060,1,203
CcS-5061,1,204
CcS-5062,1,205
CcS-5063,1,206
CcS-5064,1,207
CcS-5065,1,208
CcS-5066,1,209
CcS-5067,1,210
CcS-5068,1,211
CcS-5069,1,212
CcS-5070,1,213
CcS-5071,1,214
CcS-5072,1,215
CcS-5073,1,216
CcS-5074,1,217
CcS-5075,1,218
CcS-5076,1,219
CcS-5077,1,220
CcS-5078,1,221
CcS-5079,1,222
CcS-5080,1,223
CcS-5081,1,224
CcS-5082,1,225
CcS-5083,1,226
CcS-5084,1,227
CcS-5085,1,228
CcS-5086,1,229
CcS-5087,1,230
CcS-5088,1,231
CcS-5089,1,232
CcS-5090,1,233
CcS-5091,1,234
CcS-5092,1,235
CcS-5093,1,236
CcS-5094,1,237
CcS-5095,1,238
CcS-5096,1,239
CcS-5097,1,240
CcS-5098,1,241
CcS-5099,1,242
CcS-5100,1,243
CcS-5101,1,244
CcS-5102,1,245
CcS-5103,1,246
CcS-5104,1,247
CcS-5105,1,248
CcS-5106,1,249
CcS-5107,1,250
CcS-5108,1,251
CcS-5109,1,252
CcS-5110,1,253
CcS-5111,1,254
CcS-5112,1,255
CcS-5113,1,256
CcS-5114,1,257
CcS-5115,1,258
CcS-5116,1,259
CcS-5117,1,260
CcS-5118,1,261
CcS-5119,1,262
CcS-5120,1,263
CcS-5121,1,264
CcS-5122,1,265
CcS-5123,1,266
CcS-5124,1,267
CcS-5125,1,268
CcS-5126,1,269
CcS-5127,1,270
CcS-5128,1,271
CcS-5129,1,272
CcS-5130,1,273
CcS-5131,1,274
CcS-5132,1,275
CcS-5133,1,276
CcS-5134,1,277
CcS-5135,1,278
CcS-5136,1,279
CcS-5137,1,280
CcS-5138,1,281
CcS-5139,1,282
CcS-5140,1,283
CcS-5141,1,284
CcS-5142,1,285
CcS-5143,1,286
CcS-5144,1,287
CcS-5145,1,288
CcS-5146,1,289
CcS-5147,1,290
CcS-5148,1,291
CcS-5149,1,292
CcS-5150,1,293
CcS-5151,1,294
CcS-5152,1,295
CcS-5153,1,296
CcS-5154,1,297
CcS-5155,1,298
CcS-5156,1,299
CcS-5157,1,300
CcS-5158,1,301
CcS-5159,1,302
CcS-5160,1,303
CcS-5161,1,304
CcS-5162,1,305
CcS-5163,1,306
CcS-5164,1,307
CcS-5165,1,308
CcS-5166,1,309
CcS-5167,1,310
CcS-5168,1,311
CcS-5169,1,312
CcS-5170,1,313
CcS-5171,1,314
CcS-5172,1,315
CcS-5173,1,316
CcS-5174,1,317
CcS-5175,1,318
CcS-5176,1,319
CcS-5177,1,320
CcS-5178,1,321
CcS-5179,1,322
CcS-5180,1,323
CcS-5181,1,324
CcS-5182,1,325
CcS-5183,1,326
CcS-5184,1,327
CcS-5185,1,328
CcS-5186,1,329
CcS-5187,1,330
CcS-5188,1,331
CcS-5189,1,332
CcS-5190,1,333
CcS-5191,1,334
CcS-5192,1,335
CcS-5193,1,336
CcS-5194,1,337
CcS-5195,1,338
CcS-5196,1,339
CcS-5197,1,340
CcS-5198,1,341
CcS-5199,1,342
CcS-5200,1,343
CcS-5201,1,344
CcS-5202,1,345
CcS-5203,1,346
CcS-5204,1,347
CcS-5205,1,348
CcS-5206,1,349
CcS-5207,1,350
CcS-5208,1,351
CcS-5209,1,352
CcS-5210,1,353
CcS-5211,1,354
CcS-5212,1,355
CcS-5213,1,356
CcS-5214,1,357
CcS-5215,1,358
CcS-5216,1,359
CcS-5217,1,360
CcS-5218,1,361
CcS-5219,1,362
CcS-5220,1,363
CcS-5221,1,364
CcS-5222,1,365
CcS-5223,1,366
CcS-5224,1,367
CcS-5225,1,368
CcS-5226,1,369
CcS-5227,1,370
CcS-5228,1,371
CcS-5229,1,372
CcS-5230,1,373
CcS-5231,1,374
CcS-5232,1,375
CcS-5233,1,376
CcS-5234,1,377
CcS-5235,1,378
CcS-5236,1,379
CcS-5237,1,380
CcS-5238,1,381
CcS-5239,1,382
CcS-5240,1,383
CcS-5241,1,384
CcS-5242,1,385
CcS-5243,1,386
CcS-5244,1,387
CcS-5245,1,388
CcS-5246,1,389
CcS-5247,1,390
CcS-5248,1,391
CcS-5249,1,392
CcS-5250,1,393
CcS-5251,1,394
CcS-5252,1,395
CcS-5253,1,396
CcS-5254,1,397
CcS-5255,1,398
CcS-5256,1,399
CcS-5257,1,400
CcS-5258,1,401
CcS-5259,1,402
CcS-5260,1,403
CcS-5261,1,404
CcS-5262,1,405
CcS-5263,1,406
CcS-5264,1,407
CcS-5265,1,408
CcS-5266,1,409
CcS-5267,1,410
CcS-5268,1,411
CcS-5269,1,412
CcS-5270,1,413
CcS-5271,1,414
CcS-5272,1,415
CcS-5273,1,416
CcS-5274,1,417
CcS-5275,1,418
CcS-5276,1,419
CcS-5277,1,420
CcS-5278,1,421
CcS-5279,1,422
CcS-5280,1,423
CcS-5281,1,424
CcS-5282,1,425
CcS-5283,1,426
CcS-5284,1,427
CcS-5285,1,428
CcS-5286,1,429
CcS-5287,1,430
CcS-5288,1,431
CcS-5289,1,432
CcS-5290,1,433
CcS-5291,1,434
CcS-5292,1,435
CcS-5293,1,436
CcS-5294,1,437
CcS-5295,1,438
CcS-5296,1,439
CcS-5297,1,440
CcS-5298,1,441
CcS-5299,1,442
CcS-5300,1,443
CcS-5301,1,444
CcS-5302,1,445
CcS-5303,1,446
CcS-5304,1,447
CcS-5305,1,448
CcS-5306,1,449
CcS-5307,1,450
CcS-5308,1,451
CcS-5309,1,452
CcS-5310,1,453
CcS-5311,1,454
CcS-5312,1,455
CcS-5313,1,456
CcS-5314,1,457
CcS-5315,1,458
CcS-5316,1,459
CcS-5317,1,460
CcS-5318,1,461
CcS-5319,1,462
CcS-5320,1,463
CcS-5321,1,464
CcS-5322,1,465
CcS-5323,1,466
CcS-5324,1,467
CcS-5325,1,468
CcS-5326,1,469
CcS-5327,1,470
CcS-5328,1,471
CcS-5329,1,472
CcS-5330,1,473
CcS-5331,1,474
CcS-5332,1,475
CcS-5333,1,476
CcS-5334,1,477
CcS-5335,1,478
CcS-5336,1,479
CcS-5337,1,480
CcS-5338,1,481
CcS-5339,1,482
CcS-5340,1,483
CcS-5341,1,484
CcS-5342,1,485
CcS-5343,1,486
CcS-5344,1,487
CcS-5345,1,488
CcS-5346,1,489
CcS-5347,1,490
CcS-5348,1,491
CcS-5349,1,492
CcS-5350,1,493
CcS-5351,1,494
CcS-5352,1,495
CcS-5353,1,496
CcS-5354,1,497
CcS-5355,1,498
CcS-5356,1,499
CcS-5357,1,500
CcS-5358,1,501
CcS-5359,1,502
CcS-5360,1,503
CcS-5361,1,504
CcS-5362,1,505
CcS-5363,1,506
CcS-5364,1,507
CcS-5365,1,508
CcS-5366,1,509
CcS-5367,1,510
CcS-5368,1,511
CcS-5369,1,512
CcS-5370,1,513
CcS-5371,1,514
CcS-5372,1,515
CcS-5373,1,516
CcS-5374,1,517
CcS-5375,1,518
CcS-5376,1,519
CcS-5377,1,520
CcS-5378,1,521
CcS-5379,1,522
CcS-5380,1,523
CcS-5381,1,524
CcS-5382,1,525
CcS-5383,1,526
CcS-5384,1,527
CcS-5385,1,528
CcS-5386,1,529
CcS-5387,1,530
CcS-5388,1,531
CcS-5389,1,532
CcS-5390,1,533
CcS-5391,1,534
CcS-5392,1,535
CcS-5393,1,536
CcS-5394,1,537
CcS-5395,1,538
CcS-5396,1,539
CcS-5397,1,540
CcS-5398,1,541
CcS-5399,1,542
CcS-5400,1,543
CcS-5401,1,544
CcS-5402,1,545
CcS-5403,1,546
CcS-5404,1,547
CcS-5405,1,548
CcS-5406,1,549
CcS-5407,1,550
CcS-5408,1,551
CcS-5409,1,552
CcS-5410,1,553
CcS-5411,1,554
CcS-5412,1,555
CcS-5413,1,556
CcS-5414,1,557
CcS-5415,1,558
CcS-5416,1,559
CcS-5417,1,560
CcS-5418,1,561
CcS-5419,1,562
CcS-5420,1,563
CcS-5421,1,564
CcS-5422,1,565
CcS-5423,1,566
CcS-5424,1,567
CcS-5425,1,568
CcS-5426,1,569
CcS-5427,1,570
CcS-5428,1,571
CcS-5429,1,572
CcS-5430,1,573
CcS-5431,1,574
CcS-5432,1,575
CcS-5433,1,576
CcS-5434,1,577
CcS-5435,1,578
CcS-5436,1,579
CcS-5437,1,580
CcS-5438,1,581
CcS-5439,1,582
CcS-5440,1,583
CcS-5441,1,584
CcS-5442,1,585
CcS-5443,1,586
CcS-5444,1,587
CcS-5445,1,588
CcS-5446,1,589
CcS-5447,1,590
CcS-5448,1,591
CcS-5449,1,592
CcS-5450,1,593
CcS-5451,1,594
CcS-5452,1,595
CcS-5453,1,596
CcS-5454,1,597
CcS-5455,1,598
CcS-5456,1,599
CcS-5457,1,600
CcS-5458,1,601
CcS-5459,1,602
CcS-5460,1,603
CcS-5461,1,604
CcS-5462,1,605
CcS-5463,1,606
CcS-5464,1,607
CcS-5465,1,608
CcS-5466,1,609
CcS-5467,1,610
CcS-5468,1,611
CcS-5469,1,612
CcS-5470,1,613
CcS-5471,1,614
CcS-5472,1,615
CcS-5473,1,616
CcS-5474,1,617
CcS-5475,1,618
CcS-5476,1,619
CcS-5477,1,620
CcS-5478,1,621
CcS-5479,1,622
CcS-5480,1,623
CcS-5481,1,624
CcS-5482,1,625
CcS-5483,1,626
CcS-5484,1,627
CcS-5485,1,628
CcS-5486,1,629
CcS-5487,1,630
CcS-5488,1,631
CcS-5489,1,632
CcS-5490,1,633
CcS-5491,1,634
CcS-5492,1,635
CcS-5493,1,636
CcS-5494,1,637
CcS-5495,1,638
CcS-5496,1,639
CcS-5497,1,640
CcS-5498,1,641
CcS-5499,1,642
CcS-5500,1,643
CcS-5501,1,644
CcS-5502,1,645
CcS-5503,1,646
CcS-5504,1,647
CcS-5505,1,648
CcS-5506,1,649
CcS-5507,1,650
CcS-5508,1,651
CcS-5509,1,652
CcS-5510,1,653
CcS-5511,1,654
CcS-5512,1,655
CcS-5513,1,656
CcS-5514,1,657
CcS-5515,1,658
CcS-5516,1,659
CcS-5517,1,660
CcS-5518,1,661
CcS-5519,1,662
CcS-5520,1,663
CcS-5521,1,664
CcS-5522,1,665
CcS-5523,1,666
CcS-5524,1,667
CcS-5525,1,668
CcS-5526,1,669
CcS-5527,1,670
CcS-5528,1,671
CcS-5529,1,672
CcS-5530,1,673
CcS-5531,1,674
CcS-5532,1,675
CcS-5533,1,676
CcS-5534,1,677
CcS-5535,1,678
CcS-5536,1,679
CcS-5537,1,680
CcS-5538,1,681
CcS-5539,1,682
CcS-5540,1,683
CcS-5541,1,684
CcS-5542,1,685
CcS-5543,1,686
CcS-5544,1,687
CcS-5545,1,688
CcS-5546,1,689
CcS-5547,1,690
CcS-5548,1,691
CcS-5549,1,692
CcS-5550,1,693
CcS-5551,1,694
CcS-5552,1,695
CcS-5553,1,696
CcS-5554,1,697
CcS-5555,1,698
CcS-5556,1,699
CcS-5557,1,700
CcS-5558,1,701
CcS-5559,1,702
CcS-5560,1,703
CcS-5561,1,704
CcS-5562,1,705
CcS-5563,1,706
CcS-5564,1,707
CcS-5565,1,708
CcS-5566,1,709
CcS-5567,1,710
CcS-5568,1,711
CcS-5569,1,712
CcS-5570,1,713
CcS-5571,1,714
CcS-5572,1,715
CcS-5573,1,716
CcS-5574,1,717
CcS-5575,1,718
CcS-5576,1,719
CcS-5577,1,720
CcS-5578,1,721
CcS-5579,1,722
CcS-5580,1,723
CcS-5581,1,724
CcS-5582,1,725
CcS-5583,1,726
CcS-5584,1,727
CcS-5585,1,728
CcS-5586,1,729
CcS-5587,1,730
CcS-5588,1,731
CcS-5589,1,732
CcS-5590,1,733
CcS-5591,1,734
CcS-5592,1,735
CcS-5593,1,736
CcS-5594,1,737
CcS-5595,1,738
CcS-5596,1,739
CcS-5597,1,740
CcS-5598,1,741
CcS-5599,1,742
CcS-5600,1,743
CcS-5601,1,744
CcS-5602,1,745
CcS-5603,1,746
CcS-5604,1,747
CcS-5605,1,748
CcS-5606,1,749
CcS-5607,1,750
CcS-5608,1,751
CcS-5609,1,752
CcS-5610,1,753
CcS-5611,1,754
CcS-5612,1,755
CcS-5613,1,756
CcS-5614,1,757
CcS-5615,1,758
CcS-5616,1,759
CcS-5617,1,760
CcS-5618,1,761
CcS-5619,1,762
CcS-5620,1,763
CcS-5621,1,764
CcS-5622,1,765
CcS-5623,1,766
CcS-5624,1,767
CcS-5625,1,768
CcS-5626,1,769
CcS-5627,1,770
CcS-5628,1,771
CcS-5629,1,772
CcS-5630,1,773
CcS-5631,1,774
CcS-5632,1,775
CcS-5633,1,776
CcS-5634,1,777
CcS-5635,1,778
CcS-5636,1,779
CcS-5637,1,780
CcS-5638,1,781
CcS-5639,1,782
CcS-5640,1,783
CcS-5641,1,784
CcS-5642,1,785
CcS-5643,1,786
CcS-5644,1,787
CcS-5645,1,788
CcS-5646,1,789
CcS-5647,1,790
CcS-5648,1,791
CcS-5649,1,792
CcS-5650,1,793
CcS-5651,1,794
CcS-5652,1,795
CcS-5653,1,796
CcS-5654,1,797
CcS-5655,1,798
CcS-5656,1,799
CcS-5657,1,800
CcS-5658,1,801
CcS-5659,1,802
CcS-5660,1,803
CcS-5661,1,804
CcS-5662,1,805
CcS-5663,1,806
CcS-5664,1,807
CcS-5665,1,808
CcS-5666,1,809
CcS-5667,1,810
CcS-5668,1,811
CcS-5669,1,812
CcS-5670,1,813
CcS-5671,1,814
CcS-5672,1,815
CcS-5673,1,816
CcS-5674,1,817
CcS-5675,1,818
CcS-5676,1,819
CcS-5677,1,820
CcS-5678,1,821
CcS-5679,1,822
CcS-5680,1,823
CcS-5681,1,824
CcS-5682,1,825
CcS-5683,1,826
CcS-5684,1,827
CcS-5685,1,828
CcS-5686,1,829
CcS-5687,1,830
CcS-5688,1,831
CcS-5689,1,832
CcS-5690,1,833
CcS-5691,1,834
CcS-5692,1,835
CcS-5693,1,836
CcS-5694,1,837
CcS-5695,1,838
CcS-5696,1,839
CcS-5697,1,840
CcS-5698,1,841
CcS-5699,1,842
CcS-5700,1,843
CcS-5701,1,844
CcS-5702,1,845
CcS-5703,1,846
CcS-5704,1,847
CcS-5705,1,848
CcS-5706,1,849
CcS-5707,1,850
CcS-5708,1,851
CcS-5709,1,852
CcS-5710,1,853
CcS-5711,1,854
CcS-5712,1,855
CcS-5713,1,856
CcS-5714,1,857
CcS-5715,1,858
CcS-5716,1,859
CcS-5717,1,860
CcS-5718,1,861
CcS-5719,1,862
CcS-5720,1,863
CcS-5721,1,864
CcS-5722,1,865
CcS-5723,1,866
CcS-5724,1,867
CcS-5725,1,868
CcS-5726,1,869
CcS-5727,1,870
CcS-5728,1,871
CcS-5729,1,872
CcS-5730,1,873
CcS-5731,1,874
CcS-5732,1,875
CcS-5733,1,876
CcS-5734,1,877
CcS-5735,1,878
CcS-5736,1,879
CcS-5737,1,880
CcS-5738,1,881
CcS-5739,1,882
CcS-5740,1,883
CcS-5741,1,884
CcS-5742,1,885
CcS-5743,1,886
CcS-5744,1,887
CcS-5745,1,888
CcS-5746,1,889
CcS-5747,1,890
CcS-5748,1,891
CcS-5749,1,892
CcS-5750,1,893
CcS-5751,1,894
CcS-5752,1,895
CcS-5753,1,896
CcS-5754,1,897
CcS-5755,1,898
CcS-5756,1,899
CcS-5757,1,900
CcS-5758,1,901
CcS-5759,1,902
CcS-5760,1,903
CcS-5761,1,904
CcS-5762,1,905
CcS-5763,1,906
CcS-5764,1,907
CcS-5765,1,908
CcS-5766,1,909
CcS-5767,1,910
CcS-5768,1,911
CcS-5769,1,912
CcS-5770,1,913
CcS-5771,1,914
CcS-5772,1,915
CcS-5773,1,916
CcS-5774,1,917
CcS-5775,1,918
CcS-5776,1,919
CcS-5777,1,920
CcS-5778,1,921
CcS-5779,1,922
CcS-5780,1,923
CcS-5781,1,924
CcS-5782,1,925
CcS-5783,1,926
CcS-5784,1,927
CcS-5785,1,928
CcS-5786,1,929
CcS-5787,1,930
CcS-5788,1,931
CcS-5789,1,932
CcS-5790,1,933
CcS-5791,1,934
CcS-5792,1,935
CcS-5793,1,936
CcS-5794,1,937
CcS-5795,1,938
CcS-5796,1,939
CcS-5797,1,940
CcS-5798,1,941
CcS-5799,1,942
CcS-5800,1,943
CcS-5801,1,944
CcS-5802,1,945
CcS-5803,1,946
CcS-5804,1,947
CcS-5805,1,948
CcS-5806,1,949
CcS-5807,1,950
CcS-5808,1,951
CcS-5809,1,952
CcS-5810,1,953
CcS-5811,1,954
CcS-5812,1,955
CcS-5813,1,956
CcS-5814,1,957
CcS-5815,1,958
CcS-5816,1,959
CcS-5817,1,960
CcS-5818,1,961
CcS-5819,1,962
CcS-5820,1,963
CcS-5821,1,964
CcS-5822,1,965
CcS-5823,1,966
CcS-5824,1,967
CcS-5825,1,968
CcS-5826,1,969
CcS-5827,1,970
CcS-5828,1,971
CcS-5829,1,972
CcS-5830,1,973
CcS-5831,1,974
CcS-5832,1,975
CcS-5833,1,976
CcS-5834,1,977
CcS-5835,1,978
CcS-5836,1,979
CcS-5837,1,980
CcS-5838,1,981
CcS-5839,1,982
CcS-5840,1,983
CcS-5841,1,984
CcS-5842,1,985
CcS-5843,1,986
CcS-5844,1,987
CcS-5845,1,988
CcS-5846,1,989
CcS-5847,1,990
CcS-5848,1,991
CcS-5849,1,992
CcS-5850,1,993
CcS-5851,1,994
CcS-5852,1,995
CcS-5853,1,996
CcS-5854,1,997
CcS-5855,1,998
CcS-5856,1,999
CcS-5857,1,1000
CcS-5858,1,1001
CcS-5859,1,1002
CcS-5860,1,1003
CcS-5861,1,1004
CcS-5862,1,1005
CcS-5863,1,1006
CcS-5864,1,1007
CcS-5865,1,1008
CcS-5866,1,1009
CcS-5867,1,1010
CcS-5868,1,1011
CcS-5869,1,1012
CcS-5870,1,1013
CcS-5871,1,1014
CcS-5872,1,1015
CcS-5873,1,1016
CcS-5874,1,1017
CcS-5875,1,1018
CcS-5876,1,1019
CcS-5877,1,1020
CcS-5878,1,1021
CcS-5879,1,1022
CcS-5880,1,1023
CcS-5881,1,1024
CcS-5882,1,1025
CcS-5883,1,1026
CcS-5884,1,1027
CcS-5885,1,1028
CcS-5886,1,1029
CcS-5887,1,1030
CcS-5888,1,1031
CcS-5889,1,1032
CcS-5890,1,1033
CcS-5891,1,1034
CcS-5892,1,1035
CcS-5893,1,1036
CcS-5894,1,1037
CcS-5895,1,1038
CcS-5896,1,1039
CcS-5897,1,1040
CcS-5898,1,1041
CcS-5899,1,1042
CcS-5900,1,1043
CcS-5901,1,1044
CcS-5902,1,1045
CcS-5903,1,1046
CcS-5904,1,1047
CcS-5905,1,1048
CcS-5906,1,1049
CcS-5907,1,1050
CcS-5908,1,1051
CcS-5909,1,1052
CcS-5910,1,1053
CcS-5911,1,1054
CcS-5912,1,1055
CcS-5913,1,1056
CcS-5914,1,1057
CcS-5915,1,1058
CcS-5916,1,1059
CcS-5917,1,1060
CcS-5918,1,1061
CcS-5919,1,1062
CcS-5920,1,1063
CcS-5921,1,1064
CcS-5922,1,1065
CcS-5923,1,1066
CcS-5924,1,1067
CcS-5925,1,1068
CcS-5926,1,1069
CcS-5927,1,1070
CcS-5928,1,1071
CcS-5929,1,1072
CcS-5930,1,1073
CcS-5931,1,1074
CcS-5932,1,1075
CcS-5933,1,1076
CcS-5934,1,1077
CcS-5935,1,1078
CcS-5936,1,1079
CcS-5937,1,1080
CcS-5938,1,1081
CcS-5939,1,1082
CcS-5940,1,1083
CcS-5941,1,1084
CcS-5942,1,1085
CcS-5943,1,1086
CcS-5944,1,1087
CcS-5945,1,1088
CcS-5946,1,1089
CcS-5947,1,1090
CcS-5948,1,1091
CcS-5949,1,1092
CcS-5950,1,1093
CcS-5951,1,1094
CcS-5952,1,1095
CcS-5953,1,1096
CcS-5954,1,1097
CcS-5955,1,1098
CcS-5956,1,1099
CcS-5957,1,1100
CcS-5958,1,1101
CcS-5959,1,1102
CcS-5960,1,1103
CcS-5961,1,1104
CcS-5962,1,1105
CcS-5963,1,1106
CcS-5964,1,1107
CcS-5965,1,1108
CcS-5966,1,1109
CcS-5967,1,1110
CcS-5968,1,1111
CcS-5969,1,1112
CcS-5970,1,1113
CcS-5971,1,1114
CcS-5972,1,1115
CcS-5973,1,1116
CcS-5974,1,1117
CcS-5975,1,1118
CcS-5976,1,1119
CcS-5977,1,1120
CcS-5978,1,1121
CcS-5979,1,1122
CcS-5980,1,1123
CcS-5981,1,1124
CcS-5982,1,1125
CcS-5983,1,1126
CcS-5984,1,1127
CcS-5985,1,1128
CcS-5986,1,1129
CcS-5987,1,1130
CcS-5988,1,1131
CcS-5989,1,1132
CcS-5990,1,1133
CcS-5991,1,1134
CcS-5992,1,1135
CcS-5993,1,1136
CcS-5994,1,1137
CcS-5995,1,1138
CcS-5996,1,1139
CcS-5997,1,1140
CcS-5998,1,1141
CcS-5999,1,1142
CcS-6000,1,1143
CcS-6001,1,1144
CcS-6002,1,1145
CcS-6003,1,1146
CcS-6004,1,1147
CcS-6005,1,1148
CcS-6006,1,1149
CcS-6007,1,1150
CcS-6008,1,1151
CcS-6009,1,1152
CcS-6010,1,1153
CcS-6011,1,1154
CcS-6012,1,1155
CcS-6013,1,1156
CcS-6014,1,1157
CcS-6015,1,1158
CcS-6016,1,1159
CcS-6017,1,1160
CcS-6018,1,1161
CcS-6019,1,1162
CcS-6020,1,1163
CcS-6021,1,1164
CcS-6022,1,1165
CcS-6023,1,1166
CcS-6024,1,1167
CcS-6025,1,1168
CcS-6026,1,1169
CcS-6027,1,1170
CcS-6028,1,1171
CcS-6029,1,1172
CcS-6030,1,1173
CcS-6031,1,1174
CcS-6032,1,1175
CcS-6033,1,1176
CcS-6034,1,1177
CcS-6035,1,1178
CcS-6036,1,1179
CcS-6037,1,1180
CcS-6038,1,1181
CcS-6039,1,1182
CcS-6040,1,1183
CcS-6041,1,1184
CcS-6042,1,1185
CcS-6043,1,1186
CcS-6044,1,1187
CcS-6045,1,1188
CcS-6046,1,1189
CcS-6047,1,1190
CcS-6048,1,1191
CcS-6049,1,1192
CcS-6050,1,1193
CcS-6051,1,1194
CcS-6052,1,1195
CcS-6053,1,1196
CcS-6054,1,1197
CcS-6055,1,1198
CcS-6056,1,1199
CcS-6057,1,1200
CcS-6058,1,1201
CcS-6059,1,1202
CcS-6060,1,1203
CcS-6061,1,1204
CcS-6062,1,1205
CcS-6063,1,1206
CcS-6064,1,1207
CcS-6065,1,1208
CcS-6066,1,1209
CcS-6067,1,1210
CcS-6068,1,1211
CcS-6069,1,1212
CcS-6070,1,1213
CcS-6071,1,1214
CcS-6072,1,1215
CcS-6073,1,1216
CcS-6074,1,1217
CcS-6075,1,1218
CcS-6076,1,1219
CcS-6077,1,1220
CcS-6078,1,1221
CcS-6079,1,1222
CcS-6080,1,1223
CcS-6081,1,1224
CcS-6082,1,1225
CcS-6083,1,1226
CcS-6084,1,1227
CcS-6085,1,1228
CcS-6086,1,1229
CcS-6087,1,1230
CcS-6088,1,1231
CcS-6089,1,1232
CcS-6090,1,1233
CcS-6091,1,1234
CcS-6092,1,1235
CcS-6093,1,1236
CcS-6094,1,1237
CcS-6095,1,1238
CcS-6096,1,1239
CcS-6097,1,1240
CcS-6098,1,1241
CcS-6099,1,1242
CcS-6100,1,1243
CcS-6101,1,1244
CcS-6102,1,1245
CcS-6103,1,1246
CcS-6104,1,1247
CcS-6105,1,1248
CcS-6106,1,1249
CcS-6107,1,1250
CcS-6108,1,1251
CcS-6109,1,1252
CcS-6110,1,1253
CcS-6111,1,1254
CcS-6112,1,1255
CcS-6113,1,1256
CcS-6114,1,1257
CcS-6115,1,1258
CcS-6116,1,1259
CcS-6117,1,1260
CcS-6118,1,1261
CcS-6119,1,1262
CcS-6120,1,1263
CcS-6121,1,1264
CcS-6122,1,1265
CcS-6123,1,1266
CcS-6124,1,1267
CcS-6125,1,1268
CcS-6126,1,1269
CcS-6127,1,1270
CcS-6128,1,1271
CcS-6129,1,1272
CcS-6130,1,1273
CcS-6131,1,1274
CcS-6132,1,1275
CcS-6133,1,1276
CcS-6134,1,1277
CcS-6135,1,1278
CcS-6136,1,1279
CcS-6137,1,1280
CcS-6138,1,1281
CcS-6139,1,1282
CcS-6140,1,1283
CcS-6141,1,1284
CcS-6142,1,1285
CcS-6143,1,1286
CcS-6144,1,1287
CcS-6145,1,1288
CcS-6146,1,1289
CcS-6147,1,1290
CcS-6148,1,1291
CcS-6149,1,1292
CcS-6150,1,1293
CcS-6151,1,1294
CcS-6152,1,1295
CcS-6153,1,1296
CcS-6154,1,1297
CcS-6155,1,1298
CcS-6156,1,1299
CcS-6157,1,1300
CcS-6158,1,1301
CcS-6159,1,1302
CcS-6160,1,1303
CcS-6161,1,1304
CcS-6162,1,1305
CcS-6163,1,1306
CcS-6164,1,1307
CcS-6165,1,1308
CcS-6166,1,1309
CcS-6167,1,1310
CcS-6168,1,1311
CcS-6169,1,1312
CcS-6170,1,1313
CcS-6171,1,1314
CcS-6172,1,1315
CcS-6173,1,1316
CcS-6174,1,1317
CcS-6175,1,1318
CcS-6176,1,1319
CcS-6177,1,1320
CcS-6178,1,1321
CcS-6179,1,1322
CcS-6180,1,1323
CcS-6181,1,1324
CcS-6182,1,1325
CcS-6183,1,1326
CcS-6184,1,1327
CcS-6185,1,1328
CcS-6186,1,1329
CcS-6187,1,1330
CcS-6188,1,1331
CcS-6189,1,1332
CcS-6190,1,1333
CcS-6191,1,1334
CcS-6192,1,1335
CcS-6193,1,1336
CcS-6194,1,1337
CcS-6195,1,1338
CcS-6196,1,1339
CcS-6197,1,1340
CcS-6198,1,1341
CcS-6199,1,1342
CcS-6200,1,1343
CcS-6201,1,1344
CcS-6202,1,1345
CcS-6203,1,1346
CcS-6204,1,1347
CcS-6205,1,1348
CcS-6206,1,1349
CcS-6207,1,1350
CcS-6208,1,1351
CcS-6209,1,1352
CcS-6210,1,1353
CcS-6211,1,1354
CcS-6212,1,1355
CcS-6213,1,1356
CcS-6214,1,1357
CcS-6215,1,1358
CcS-6216,1,1359
CcS-6217,1,1360
CcS-6218,1,1361
CcS-6219,1,1362
CcS-6220,1,1363
CcS-6221,1,1364
CcS-6222,1,1365
CcS-6223,1,1366
CcS-6224,1,1367
CcS-6225,1,1368
CcS-6226,1,1369
CcS-6227,1,1370
CcS-6228,1,1371
CcS-6229,1,1372
CcS-6230,1,1373
CcS-6231,1,1374
CcS-6232,1,1375
CcS-6233,1,1376
CcS-6234,1,1377
CcS-6235,1,1378
CcS-6236,1,1379
CcS-6237,1,1380
CcS-6238,1,1381
CcS-6239,1,1382
CcS-6240,1,1383
CcS-6241,1,1384
CcS-6242,1,1385
CcS-6243,1,1386
CcS-6244,1,1387
CcS-6245,1,1388
CcS-6246,1,1389
CcS-6247,1,1390
CcS-6248,1,1391
CcS-6249,1,1392
CcS-6250,1,1393
CcS-6251,1,1394
CcS-6252,1,1395
CcS-6253,1,1396
CcS-6254,1,1397
CcS-6255,1,1398
CcS-6256,1,1399
CcS-6257,1,1400
CcS-6258,1,1401
CcS-6259,1,1402
CcS-6260,1,1403
CcS-6261,1,1404
CcS-6262,1,1405
CcS-6263,1,1406
CcS-6264,1,1407
CcS-6265,1,1408
CcS-6266,1,1409
CcS-6267,1,1410
CcS-6268,1,1411
CcS-6269,1,1412
CcS-6270,1,1413
CcS-6271,1,1414
CcS-6272,1,1415
CcS-6273,1,1416
CcS-6274,1,1417
CcS-6275,1,1418
CcS-6276,1,1419
CcS-6277,1,1420
CcS-6278,1,1421
CcS-6279,1,1422
CcS-6280,1,1423
CcS-6281,1,1424
CcS-6282,1,1425
CcS-6283,1,1426
CcS-6284,1,1427
CcS-6285,1,1428
CcS-6286,1,1429
CcS-6287,1,1430
CcS-6288,1,1431
CcS-6289,1,1432
CcS-6290,1,1433
CcS-6291,1,1434
CcS-6292,1,1435
CcS-6293,1,1436
CcS-6294,1,1437
CcS-6295,1,1438
CcS-6296,1,1439
CcS-6297,1,1440
CcS-6298,1,1441
CcS-6299,1,1442
CcS-6300,1,1443
CcS-6301,1,1444
CcS-6302,1,1445
CcS-6303,1,1446
CcS-6304,1,1447
CcS-6305,1,1448
CcS-6306,1,1449
CcS-6307,1,1450
CcS-6308,1,1451
CcS-6309,1,1452
CcS-6310,1,1453
CcS-6311,1,1454
CcS-6312,1,1455
CcS-6313,1,1456
CcS-6314,1,1457
CcS-6315,1,1458
CcS-6316,1,1459
CcS-6317,1,1460
CcS-6318,1,1461
CcS-6319,1,1462
CcS-6320,1,1463
CcS-6321,1,1464
CcS-6322,1,1465
CcS-6323,1,1466
CcS-6324,1,1467
CcS-6325,1,1468
CcS-6326,1,1469
CcS-6327,1,1470
CcS-6328,1,1471
CcS-6329,1,1472
CcS-6330,1,1473
CcS-6331,1,1474
CcS-6332,1,1475
CcS-6333,1,1476
CcS-6334,1,1477
CcS-6335,1,1478
CcS-6336,1,1479
CcS-6337,1,1480
CcS-6338,1,1481
CcS-6339,1,1482
CcS-6340,1,1483
CcS-6341,1,1484
CcS-6342,1,1485
CcS-6343,1,1486
CcS-6344,1,1487
CcS-6345,1,1488
CcS-6346,1,1489
CcS-6347,1,1490
CcS-6348,1,1491
CcS-6349,1,1492
CcS-6350,1,1493
CcS-6351,1,1494
CcS-6352,1,1495
CcS-6353,1,1496
CcS-6354,1,1497
CcS-6355,1,1498
CcS-6356,1,1499
CcS-6357,1,1500
CcS-6358,1,1501
CcS-6359,1,1502
CcS-6360,1,1503
CcS-6361,1,1504
CcS-6362,1,1505
CcS-6363,1,1506
CcS-6364,1,1507
CcS-6365,1,1508
CcS-6366,1,1509
CcS-6367,1,1510
CcS-6368,1,1511
CcS-6369,1,1512
CcS-6370,1,1513
CcS-6371,1,1514
CcS-6372,1,1515
CcS-6373,1,1516
CcS-6374,1,1517
CcS-6375,1,1518
CcS-6376,1,1519
CcS-6377,1,1520
CcS-6378,1,1521
CcS-6379,1,1522
CcS-6380,1,1523
CcS-6381,1,1524
CcS-6382,1,1525
CcS-6383,1,1526
CcS-6384,1,1527
CcS-6385,1,1528
CcS-6386,1,1529
CcS-6387,1,1530
CcS-6388,1,1531
CcS-6389,1,1532
CcS-6390,1,1533
CcS-6391,1,1534
CcS-6392,1,1535
CcS-6393,1,1536
CcS-6394,1,1537
CcS-6395,1,1538
CcS-6396,1,1539
CcS-6397,1,1540
CcS-6398,1,1541
CcS-6399,1,1542
CcS-6400,1,1543
CcS-6401,1,1544
CcS-6402,1,1545
CcS-6403,1,1546
CcS-6404,1,1547
CcS-6405,1,1548
CcS-6406,1,1549
CcS-6407,1,1550
CcS-6408,1,1551
CcS-6409,1,1552
CcS-6410,1,1553
CcS-6411,1,1554
CcS-6412,1,1555
CcS-6413,1,1556
CcS-6414,1,1557
CcS-6415,1,1558
CcS-6416,1,1559
CcS-6417,1,1560
CcS-6418,1,1561
CcS-6419,1,1562
CcS-6420,1,1563
CcS-6421,1,1564
CcS-6422,1,1565
CcS-6423,1,1566
CcS-6424,1,1567
CcS-6425,1,1568
CcS-6426,1,1569
CcS-6427,1,1570
CcS-6428,1,1571
CcS-6429,1,1572
CcS-6430,1,1573
CcS-6431,1,1574
CcS-6432,1,1575
CcS-6433,1,1576
CcS-6434,1,1577
CcS-6435,1,1578
CcS-6436,1,1579
CcS-6437,1,1580
CcS-6438,1,1581
CcS-6439,1,1582
CcS-6440,1,1583
CcS-6441,1,1584
CcS-6442,1,1585
CcS-6443,1,1586
CcS-6444,1,1587
CcS-6445,1,1588
CcS-6446,1,1589
CcS-6447,1,1590
CcS-6448,1,1591
CcS-6449,1,1592
CcS-6450,1,1593
CcS-6451,1,1594
CcS-6452,1,1595
CcS-6453,1,1596
CcS-6454,1,1597
CcS-6455,1,1598
CcS-6456,1,1599
CcS-6457,1,1600
CcS-6458,1,1601
CcS-6459,1,1602
CcS-6460,1,1603
CcS-6461,1,1604
CcS-6462,1,1605
CcS-6463,1,1606
CcS-6464,1,1607
CcS-6465,1,1608
CcS-6466,1,1609
CcS-6467,1,1610
CcS-6468,1,1611
CcS-6469,1,1612
CcS-6470,1,1613
CcS-6471,1,1614
CcS-6472,1,1615
CcS-6473,1,1616
CcS-6474,1,1617
CcS-6475,1,1618
CcS-6476,1,1619
CcS-6477,1,1620
CcS-6478,1,1621
CcS-6479,1,1622
CcS-6480,1,1623
CcS-6481,1,1624
CcS-6482,1,1625
CcS-6483,1,1626
CcS-6484,1,1627
CcS-6485,1,1628
CcS-6486,1,1629
CcS-6487,1,1630
CcS-6488,1,1631
CcS-6489,1,1632
CcS-6490,1,1633
CcS-6491,1,1634
CcS-6492,1,1635
CcS-6493,1,1636
CcS-6494,1,1637
CcS-6495,1,1638
CcS-6496,1,1639
CcS-6497,1,1640
CcS-6498,1,1641
CcS-6499,1,1642
CcS-6500,1,1643
CcS-6501,1,1644
CcS-6502,1,1645
CcS-6503,1,1646
CcS-6504,1,1647
CcS-6505,1,1648
CcS-6506,1,1649
CcS-6507,1,1650
CcS-6508,1,1651
CcS-6509,1,1652
CcS-6510,1,1653
CcS-6511,1,1654
CcS-6512,1,1655
CcS-6513,1,1656
CcS-6514,1,1657
CcS-6515,1,1658
CcS-6516,1,1659
CcS-6517,1,1660
CcS-6518,1,1661
CcS-6519,1,1662
CcS-6520,1,1663
CcS-6521,1,1664
CcS-6522,1,1665
CcS-6523,1,1666
CcS-6524,1,1667
CcS-6525,1,1668
CcS-6526,1,1669
CcS-6527,1,1670
CcS-6528,1,1671
CcS-6529,1,1672
CcS-6530,1,1673
CcS-6531,1,1674
CcS-6532,1,1675
CcS-6533,1,1676
CcS-6534,1,1677
CcS-6535,1,1678
CcS-6536,1,1679
CcS-6537,1,1680
CcS-6538,1,1681
CcS-6539,1,1682
CcS-6540,1,1683
CcS-6541,1,1684
CcS-6542,1,1685
CcS-6543,1,1686
CcS-6544,1,1687
CcS-6545,1,1688
CcS-6546,1,1689
CcS-6547,1,1690
CcS-6548,1,1691
CcS-6549,1,1692
CcS-6550,1,1693
CcS-6551,1,1694
CcS-6552,1,1695
CcS-6553,1,1696
CcS-6554,1,1697
CcS-6555,1,1698
CcS-6556,1,1699
CcS-6557,1,1700
CcS-6558,1,1701
CcS-6559,1,1702
CcS-6560,1,1703
CcS-6561,1,1704
CcS-6562,1,1705
CcS-6563,1,1706
CcS-6564,1,1707
CcS-6565,1,1708
CcS-6566,1,1709
CcS-6567,1,1710
CcS-6568,1,1711
CcS-6569,1,1712
CcS-6570,1,1713
CcS-6571,1,1714
CcS-6572,1,1715
CcS-6573,1,1716
CcS-6574,1,1717
CcS-6575,1,1718
CcS-6576,1,1719
CcS-6577,1,1720
CcS-6578,1,1721
CcS-6579,1,1722
CcS-6580,1,1723
CcS-6581,1,1724
CcS-6582,1,1725
CcS-6583,1,1726
CcS-6584,1,1727
CcS-6585,1,1728
CcS-6586,1,1729
CcS-6587,1,1730
CcS-6588,1,1731
CcS-6589,1,1732
CcS-6590,1,1733
CcS-6591,1,1734
CcS-6592,1,1735
CcS-6593,1,1736
CcS-6594,1,1737
CcS-6595,1,1738
CcS-6596,1,1739
CcS-6597,1,1740
CcS-6598,1,1741
CcS-6599,1,1742
CcS-6600,1,1743
CcS-6601,1,1744
CcS-6602,1,1745
CcS-6603,1,1746
CcS-6604,1,1747
CcS-6605,1,1748
CcS-6606,1,1749
CcS-6607,1,1750
CcS-6608,1,1751
CcS-6609,1,1752
CcS-6610,1,1753
CcS-6611,1,1754
CcS-6612,1,1755
CcS-6613,1,1756
CcS-6614,1,1757
CcS-6615,1,1758
CcS-6616,1,1759
CcS-6617,1,1760
CcS-6618,1,1761
CcS-6619,1,1762
CcS-6620,1,1763
CcS-6621,1,1764
CcS-6622,1,1765
CcS-6623,1,1766
CcS-6624,1,1767
CcS-6625,1,1768
CcS-6626,1,1769
CcS-6627,1,1770
CcS-6628,1,1771
CcS-6629,1,1772
CcS-6630,1,1773
CcS-6631,1,1774
CcS-6632,1,1775
CcS-6633,1,1776
CcS-6634,1,1777
CcS-6635,1,1778
CcS-6636,1,1779
CcS-6637,1,1780
CcS-6638,1,1781
CcS-6639,1,1782
CcS-6640,1,1783
CcS-6641,1,1784
CcS-6642,1,1785
CcS-6643,1,1786
CcS-6644,1,1787
CcS-6645,1,1788
CcS-6646,1,1789
CcS-6647,1,1790
CcS-6648,1,1791
CcS-6649,1,1792
CcS-6650,1,1793
CcS-6651,1,1794
CcS-6652,1,1795
CcS-6653,1,1796
CcS-6654,1,1797
CcS-6655,1,1798
CcS-6656,1,1799
CcS-6657,1,1800
CcS-6658,1,1801
CcS-6659,1,1802
CcS-6660,1,1803
CcS-6661,1,1804
CcS-6662,1,1805
CcS-6663,1,1806
CcS-6664,1,1807
CcS-6665,1,1808
CcS-6666,1,1809
CcS-6667,1,1810
CcS-6668,1,1811
CcS-6669,1,1812
CcS-6670,1,1813
CcS-6671,1,1814
CcS-6672,1,1815
CcS-6673,1,1816
CcS-6674,1,1817
CcS-6675,1,1818
CcS-6676,1,1819
CcS-6677,1,1820
CcS-6678,1,1821
CcS-6679,1,1822
CcS-6680,1,1823
CcS-6681,1,1824
CcS-6682,1,1825
CcS-6683,1,1826
CcS-6684,1,1827
CcS-6685,1,1828
CcS-6686,1,1829
CcS-6687,1,1830
CcS-6688,1,1831
CcS-6689,1,1832
CcS-6690,1,1833
CcS-6691,1,1834
CcS-6692,1,1835
CcS-6693,1,1836
CcS-6694,1,1837
CcS-6695,1,1838
CcS-6696,1,1839
CcS-6697,1,1840
CcS-6698,1,1841
CcS-6699,1,1842
CcS-6700,1,1843
CcS-6701,1,1844
CcS-6702,1,1845
CcS-6703,1,1846
CcS-6704,1,1847
CcS-6705,1,1848
CcS-6706,1,1849
CcS-6707,1,1850
CcS-6708,1,1851
CcS-6709,1,1852
CcS-6710,1,1853
CcS-6711,1,1854
CcS-6712,1,1855
CcS-6713,1,1856
CcS-6714,1,1857
CcS-6715,1,1858
CcS-6716,1,1859
CcS-6717,1,1860
CcS-6718,1,1861
CcS-6719,1,1862
CcS-6720,1,1863
CcS-6721,1,1864
CcS-6722,1,1865
CcS-6723,1,1866
CcS-6724,1,1867
CcS-6725,1,1868
CcS-6726,1,1869
CcS-6727,1,1870
CcS-6728,1,1871
CcS-6729,1,1872
CcS-6730,1,1873
CcS-6731,1,1874
CcS-6732,1,1875
CcS-6733,1,1876
CcS-6734,1,1877
CcS-6735,1,1878
CcS-6736,1,1879
CcS-6737,1,1880
CcS-6738,1,1881
CcS-6739,1,1882
CcS-6740,1,1883
CcS-6741,1,1884
CcS-6742,1,1885
CcS-6743,1,1886
CcS-6744,1,1887
CcS-6745,1,1888
CcS-6746,1,1889
CcS-6747,1,1890
CcS-6748,1,1891
CcS-6749,1,1892
CcS-6750,1,1893
CcS-6751,1,1894
CcS-6752,1,1895
CcS-6753,1,1896
CcS-6754,1,1897
CcS-6755,1,1898
CcS-6756,1,1899
CcS-6757,1,1900
CcS-6758,1,1901
CcS-6759,1,1902
CcS-6760,1,1903
CcS-6761,1,1904
CcS-6762,1,1905
CcS-6763,1,1906
CcS-6764,1,1907
CcS-6765,1,1908
CcS-6766,1,1909
CcS-6767,1,1910
CcS-6768,1,1911
CcS-6769,1,1912
CcS-6770,1,1913
CcS-6771,1,1914
CcS-6772,1,1915
CcS-6773,1,1916
CcS-6774,1,1917
CcS-6775,1,1918
CcS-6776,1,1919
CcS-6777,1,1920
CcS-6778,1,1921
CcS-6779,1,1922
CcS-6780,1,1923
CcS-6781,1,1924
CcS-6782,1,1925
CcS-6783,1,1926
CcS-6784,1,1927
CcS-6785,1,1928
CcS-6786,1,1929
CcS-6787,1,1930
CcS-6788,1,1931
CcS-6789,1,1932
CcS-6790,1,1933
CcS-6791,1,1934
CcS-6792,1,1935
CcS-6793,1,1936
CcS-6794,1,1937
CcS-6795,1,1938
CcS-6796,1,1939
CcS-6797,1,1940
CcS-6798,1,1941
CcS-6799,1,1942
CcS-6800,1,1943
CcS-6801,1,1944
CcS-6802,1,1945
CcS-6803,1,1946
CcS-6804,1,1947
CcS-6805,1,1948
CcS-6806,1,1949
CcS-6807,1,1950
CcS-6808,1,1951
CcS-6809,1,1952
CcS-6810,1,1953
CcS-6811,1,1954
CcS-6812,1,1955
CcS-6813,1,1956
CcS-6814,1,1957
CcS-6815,1,1958
CcS-6816,1,1959
CcS-6817,1,1960
CcS-6818,1,1961
CcS-6819,1,1962
CcS-6820,1,1963
CcS-6821,1,1964
CcS-6822,1,1965
CcS-6823,1,1966
CcS-6824,1,1967
CcS-6825,1,1968
CcS-6826,1,1969
CcS-6827,1,1970
CcS-6828,1,1971
CcS-6829,1,1972
CcS-6830,1,1973
CcS-6831,1,1974
CcS-6832,1,1975
CcS-6833,1,1976
CcS-6834,1,1977
CcS-6835,1,1978
CcS-6836,1,1979
CcS-6837,1,1980
CcS-6838,1,1981
CcS-6839,1,1982
CcS-6840,1,1983
CcS-6841,1,1984
CcS-6842,1,1985
CcS-6843,1,1986
CcS-6844,1,1987
CcS-6845,1,1988
CcS-6846,1,1989
CcS-6847,1,1990
CcS-6848,1,1991
CcS-6849,1,1992
CcS-6850,1,1993
CcS-6851,1,1994
CcS-6852,1,1995
CcS-6853,1,1996
CcS-6854,1,1997
CcS-6855,1,1998
CcS-6856,1,1999
CcS-6857,1,2000
CcS-6858,1,2001
CcS-6859,1,2002
CcS-6860,1,2003
CcS-6861,1,2004
CcS-6862,1,2005
CcS-6863,1,2006
CcS-6864,1,2007
CcS-6865,1,2008
CcS-6866,1,2009
CcS-6867,1,2010
CcS-6868,1,2011
CcS-6869,1,2012
CcS-6870,1,2013
CcS-6871,1,2014
CcS-6872,1,2015
CcS-6873,1,2016
CcS-6874,1,2017
CcS-6875,1,2018
CcS-6876,1,2019
CcS-6877,1,2020
CcS-6878,1,2021
CcS-6879,1,2022
CcS-6880,1,2023
CcS-6881,1,2024
CcS-6882,1,2025
CcS-6883,1,2026
CcS-6884,1,2027
CcS-6885,1,2028
CcS-6886,1,2029
CcS-6887,1,2030
CcS-6888,1,2031
CcS-6889,1,2032
CcS-6890,1,2033
CcS-6891,1,2034
CcS-6892,1,2035
CcS-6893,1,2036
CcS-6894,1,2037
CcS-6895,1,2038
CcS-6896,1,2039
CcS-6897,1,2040
CcS-6898,1,2041
CcS-6899,1,2042
CcS-6900,1,2043
CcS-6901,1,2044
CcS-6902,1,2045
CcS-6903,1,2046
CcS-6904,1,2047
CcS-6905,1,2048
CcS-6906,1,2049
CcS-6907,1,2050
CcS-6908,1,2051
CcS-6909,1,2052
CcS-6910,1,2053
CcS-6911,1,2054
CcS-6912,1,2055
CcS-6913,1,2056
CcS-6914,1,2057
CcS-6915,1,2058
CcS-6916,1,2059
CcS-6917,1,2060
CcS-6918,1,2061
CcS-6919,1,2062
CcS-6920,1,2063
CcS-6921,1,2064
CcS-6922,1,2065
CcS-6923,1,2066
CcS-6924,1,2067
CcS-6925,1,2068
CcS-6926,1,2069
CcS-6927,1,2070
CcS-6928,1,2071
CcS-6929,1,2072
CcS-6930,1,2073
CcS-6931,1,2074
CcS-6932,1,2075
CcS-6933,1,2076
CcS-6934,1,2077
CcS-6935,1,2078
CcS-6936,1,2079
CcS-6937,1,2080
CcS-6938,1,2081
CcS-6939,1,2082
CcS-6940,1,2083
CcS-6941,1,2084
CcS-6942,1,2085
CcS-6943,1,2086
CcS-6944,1,2087
CcS-6945,1,2088
CcS-6946,1,2089
CcS-6947,1,2090
CcS-6948,1,2091
CcS-6949,1,2092
CcS-6950,1,2093
CcS-6951,1,2094
CcS-6952,1,2095
CcS-6953,1,2096
CcS-6954,1,2097
CcS-6955,1,2098
CcS-6956,1,2099
CcS-6957,1,2100
CcS-6958,1,2101
CcS-6959,1,2102
CcS-6960,1,2103
CcS-6961,1,2104
CcS-6962,1,2105
CcS-6963,1,2106
CcS-6964,1,2107
CcS-6965,1,2108
CcS-6966,1,2109
CcS-6967,1,2110
CcS-6968,1,2111
CcS-6969,1,2112
CcS-6970,1,2113
CcS-6971,1,2114
CcS-6972,1,2115
CcS-6973,1,2116
CcS-6974,1,2117
CcS-6975,1,2118
CcS-6976,1,2119
CcS-6977,1,2120
CcS-6978,1,2121
CcS-6979,1,2122
CcS-6980,1,2123
CcS-6981,1,2124
CcS-6982,1,2125
CcS-6983,1,2126
CcS-6984,1,2127
CcS-6985,1,2128
CcS-6986,1,2129
CcS-6987,1,2130
CcS-6988,1,2131
CcS-6989,1,2132
CcS-6990,1,2133
CcS-6991,1,2134
CcS-6992,1,2135
CcS-6993,1,2136
CcS-6994,1,2137
CcS-6995,1,2138
CcS-6996,1,2139
CcS-6997,1,2140
CcS-6998,1,2141
CcS-6999,1,2142
CcS-7000,1,2143
CcS-7001,1,2144
CcS-7002,1,2145
CcS-7003,1,2146
CcS-7004,1,2147
CcS-7005,1,2148
CcS-7006,1,2149
CcS-7007,1,2150
CcS-7008,1,2151
CcS-7009,1,2152
CcS-7010,1,2153
CcS-7011,1,2154
CcS-7012,1,2155
CcS-7013,1,2156
CcS-7014,1,2157
CcS-7015,1,2158
CcS-7016,1,2159
CcS-7017,1,2160
CcS-7018,1,2161
CcS-7019,1,2162
CcS-7020,1,2163
CcS-7021,1,2164
CcS-7022,1,2165
CcS-7023,1,2166
CcS-7024,1,2167
CcS-7025,1,2168
CcS-7026,1,2169
CcS-7027,1,2170
CcS-7028,1,2171
CcS-7029,1,2172
CcS-7030,1,2173
CcS-7031,1,2174
CcS-7032,1,2175
CcS-7033,1,2176
CcS-7034,1,2177
CcS-7035,1,2178
CcS-7036,1,2179
CcS-7037,1,2180
CcS-7038,1,2181
CcS-7039,1,2182
CcS-7040,1,2183
CcS-7041,1,2184
CcS-7042,1,2185
CcS-7043,1,2186
CcS-7044,1,2187
CcS-7045,1,2188
CcS-7046,1,2189
CcS-7047,1,2190
CcS-7048,1,2191
CcS-7049,1,2192
CcS-7050,1,2193
CcS-7051,1,2194
CcS-7052,1,2195
CcS-7053,1,2196
CcS-7054,1,2197
CcS-7055,1,2198
CcS-7056,1,2199
CcS-7057,1,2200
CcS-7058,1,2201
CcS-7059,1,2202
CcS-7060,1,2203
CcS-7061,1,2204
CcS-7062,1,2205
CcS-7063,1,2206
CcS-7064,1,2207
CcS-7065,1,2208
CcS-7066,1,2209
CcS-7067,1,2210
CcS-7068,1,2211
CcS-7069,1,2212
CcS-7070,1,2213
CcS-7071,1,2214
CcS-7072,1,2215
CcS-7073,1,2216
CcS-7074,1,2217
CcS-7075,1,2218
CcS-7076,1,2219
CcS-7077,1,2220
CcS-7078,1,2221
CcS-7079,1,2222
CcS-7080,1,2223
CcS-7081,1,2224
CcS-7082,1,2225
CcS-7083,1,2226
CcS-7084,1,2227
CcS-7085,1,2228
CcS-7086,1,2229
CcS-7087,1,2230
CcS-7088,1,2231
CcS-7089,1,2232
CcS-7090,1,2233
CcS-7091,1,2234
CcS-7092,1,2235
CcS-7093,1,2236
CcS-7094,1,2237
CcS-7095,1,2238
CcS-7096,1,2239
CcS-7097,1,2240
CcS-7098,1,2241
CcS-7099,1,2242
CcS-7100,1,2243
CcS-7101,1,2244
CcS-7102,1,2245
CcS-7103,1,2246
CcS-7104,1,2247
CcS-7105,1,2248
CcS-7106,1,2249
CcS-7107,1,2250
CcS-7108,1,2251
CcS-7109,1,2252
CcS-7110,1,2253
CcS-7111,1,2254
CcS-7112,1,2255
CcS-7113,1,2256
CcS-7114,1,2257
CcS-7115,1,2258
CcS-7116,1,2259
CcS-7117,1,2260
CcS-7118,1,2261
CcS-7119,1,2262
CcS-7120,1,2263
CcS-7121,1,2264
CcS-7122,1,2265
CcS-7123,1,2266
CcS-7124,1,2267
CcS-7125,1,2268
CcS-7126,1,2269
CcS-7127,1,2270
CcS-7128,1,2271
CcS-7129,1,2272
CcS-7130,1,2273
CcS-7131,1,2274
CcS-7132,1,2275
CcS-7133,1,2276
CcS-7134,1,2277
CcS-7135,1,2278
CcS-7136,1,2279
CcS-7137,1,2280
CcS-7138,1,2281
CcS-7139,1,2282
CcS-7140,1,2283
CcS-7141,1,2284
CcS-7142,1,2285
CcS-7143,1,2286
CcS-7144,1,2287
CcS-7145,1,2288
CcS-7146,1,2289
CcS-7147,1,2290
CcS-7148,1,2291
CcS-7149,1,2292
CcS-7150,1,2293
CcS-7151,1,2294
CcS-7152,1,2295
CcS-7153,1,2296
CcS-7154,1,2297
CcS-7155,1,2298
CcS-7156,1,2299
CcS-7157,1,2300
CcS-7158,1,2301
CcS-7159,1,2302
CcS-7160,1,2303
CcS-7161,1,2304
CcS-7162,1,2305
CcS-7163,1,2306
CcS-7164,1,2307
CcS-7165,1,2308
CcS-7166,1,2309
CcS-7167,1,2310
CcS-7168,1,2311
CcS-7169,1,2312
CcS-7170,1,2313
CcS-7171,1,2314
CcS-7172,1,2315
CcS-7173,1,2316
CcS-7174,1,2317
CcS-7175,1,2318
CcS-7176,1,2319
CcS-7177,1,2320
CcS-7178,1,2321
CcS-7179,1,2322
CcS-7180,1,2323
CcS-7181,1,2324
CcS-7182,1,2325
CcS-7183,1,2326
CcS-7184,1,2327
CcS-7185,1,2328
CcS-7186,1,2329
CcS-7187,1,2330
CcS-7188,1,2331
CcS-7189,1,2332
CcS-7190,1,2333
CcS-7191,1,2334
CcS-7192,1,2335
CcS-7193,1,2336
CcS-7194,1,2337
CcS-7195,1,2338
CcS-7196,1,2339
CcS-7197,1,2340
CcS-7198,1,2341
CcS-7199,1,2342
CcS-7200,1,2343
CcS-7201,1,2344
CcS-7202,1,2345
CcS-7203,1,2346
CcS-7204,1,2347
CcS-7205,1,2348
CcS-7206,1,2349
CcS-7207,1,2350
CcS-7208,1,2351
CcS-7209,1,2352
CcS-7210,1,2353
CcS-7211,1,2354
CcS-7212,1,2355
CcS-7213,1,2356
CcS-7214,1,2357
CcS-7215,1,2358
CcS-7216,1,2359
CcS-7217,1,2360
CcS-7218,1,2361
CcS-7219,1,2362
CcS-7220,1,2363
CcS-7221,1,2364
CcS-7222,1,2365
CcS-7223,1,2366
CcS-7224,1,2367
CcS-7225,1,2368
CcS-7226,1,2369
CcS-7227,1,2370
CcS-7228,1,2371
CcS-7229,1,2372
CcS-7230,1,2373
CcS-7231,1,2374
CcS-7232,1,2375
CcS-7233,1,2376
CcS-7234,1,2377
CcS-7235,1,2378
CcS-7236,1,2379
CcS-7237,1,2380
CcS-7238,1,2381
CcS-7239,1,2382
CcS-7240,1,2383
CcS-7241,1,2384
CcS-7242,1,2385
CcS-7243,1,2386
CcS-7244,1,2387
CcS-7245,1,2388
CcS-7246,1,2389
CcS-7247,1,2390
CcS-7248,1,2391
CcS-7249,1,2392
CcS-7250,1,2393
CcS-7251,1,2394
CcS-7252,1,2395
CcS-7253,1,2396
CcS-7254,1,2397
CcS-7255,1,2398
CcS-7256,1,2399
CcS-7257,1,2400
CcS-7258,1,2401
CcS-7259,1,2402
CcS-7260,1,2403
CcS-7261,1,2404
CcS-7262,1,2405
CcS-7263,1,2406
CcS-7264,1,2407
CcS-7265,1,2408
CcS-7266,1,2409
CcS-7267,1,2410
CcS-7268,1,2411
CcS-7269,1,2412
CcS-7270,1,2413
CcS-7271,1,2414
CcS-7272,1,2415
CcS-7273,1,2416
CcS-7274,1,2417
CcS-7275,1,2418
CcS-7276,1,2419
CcS-7277,1,2420
CcS-7278,1,2421
CcS-7279,1,2422
CcS-7280,1,2423
CcS-7281,1,2424
CcS-7282,1,2425
CcS-7283,1,2426
CcS-7284,1,2427
CcS-7285,1,2428
CcS-7286,1,2429
CcS-7287,1,2430
CcS-7288,1,2431
CcS-7289,1,2432
CcS-7290,1,2433
CcS-7291,1,2434
CcS-7292,1,2435
CcS-7293,1,2436
CcS-7294,1,2437
CcS-7295,1,2438
CcS-7296,1,2439
CcS-7297,1,2440
CcS-7298,1,2441
CcS-7299,1,2442
CcS-7300,1,2443
CcS-7301,1,2444
CcS-7302,1,2445
CcS-7303,1,2446
CcS-7304,1,2447
CcS-7305,1,2448
CcS-7306,1,2449
CcS-7307,1,2450
CcS-7308,1,2451
CcS-7309,1,2452
CcS-7310,1,2453
CcS-7311,1,2454
CcS-7312,1,2455
CcS-7313,1,2456
CcS-7314,1,2457
CcS-7315,1,2458
CcS-7316,1,2459
CcS-7317,1,2460
CcS-7318,1,2461
CcS-7319,1,2462
CcS-7320,1,2463
CcS-7321,1,2464
CcS-7322,1,2465
CcS-7323,1,2466
CcS-7324,1,2467
CcS-7325,1,2468
CcS-7326,1,2469
CcS-7327,1,2470
CcS-7328,1,2471
CcS-7329,1,2472
CcS-7330,1,2473
CcS-7331,1,2474
CcS-7332,1,2475
CcS-7333,1,2476
CcS-7334,1,2477
CcS-7335,1,2478
CcS-7336,1,2479
CcS-7337,1,2480
CcS-7338,1,2481
CcS-7339,1,2482
CcS-7340,1,2483
CcS-7341,1,2484
CcS-7342,1,2485
CcS-7343,1,2486
CcS-7344,1,2487
CcS-7345,1,2488
CcS-7346,1,2489
CcS-7347,1,2490
CcS-7348,1,2491
CcS-7349,1,2492
CcS-7350,1,2493
CcS-7351,1,2494
CcS-7352,1,2495
CcS-7353,1,2496
CcS-7354,1,2497
CcS-7355,1,2498
CcS-7356,1,2499
CcS-7357,1,2500
CcS-7358,1,2501
CcS-7359,1,2502
CcS-7360,1,2503
CcS-7361,1,2504
CcS-7362,1,2505
CcS-7363,1,2506
CcS-7364,1,2507
CcS-7365,1,2508
CcS-7366,1,2509
CcS-7367,1,2510
CcS-7368,1,2511
CcS-7369,1,2512
CcS-7370,1,2513
CcS-7371,1,2514
CcS-7372,1,2515
CcS-7373,1,2516
CcS-7374,1,2517
CcS-7375,1,2518
CcS-7376,1,2519
CcS-7377,1,2520
CcS-7378,1,2521
CcS-7379,1,2522
CcS-7380,1,2523
CcS-7381,1,2524
CcS-7382,1,2525
CcS-7383,1,2526
CcS-7384,1,2527
CcS-7385,1,2528
CcS-7386,1,2529
CcS-7387,1,2530
CcS-7388,1,2531
CcS-7389,1,2532
CcS-7390,1,2533
CcS-7391,1,2534
CcS-7392,1,2535
CcS-7393,1,2536
CcS-7394,1,2537
CcS-7395,1,2538
CcS-7396,1,2539
CcS-7397,1,2540
CcS-7398,1,2541
CcS-7399,1,2542
CcS-7400,1,2543
CcS-7401,1,2544
CcS-7402,1,2545
CcS-7403,1,2546
CcS-7404,1,2547
CcS-7405,1,2548
CcS-7406,1,2549
CcS-7407,1,2550
CcS-7408,1,2551
CcS-7409,1,2552
CcS-7410,1,2553
CcS-7411,1,2554
CcS-7412,1,2555
CcS-7413,1,2556
CcS-7414,1,2557
CcS-7415,1,2558
CcS-7416,1,2559
CcS-7417,1,2560
CcS-7418,1,2561
CcS-7419,1,2562
CcS-7420,1,2563
CcS-7421,1,2564
CcS-7422,1,2565
CcS-7423,1,2566
CcS-7424,1,2567
CcS-7425,1,2568
CcS-7426,1,2569
CcS-7427,1,2570
CcS-7428,1,2571
CcS-7429,1,2572
CcS-7430,1,2573
CcS-7431,1,2574
CcS-7432,1,2575
CcS-7433,1,2576
CcS-7434,1,2577
CcS-7435,1,2578
CcS-7436,1,2579
CcS-7437,1,2580
CcS-7438,1,2581
CcS-7439,1,2582
CcS-7440,1,2583
CcS-7441,1,2584
CcS-7442,1,2585
CcS-7443,1,2586
CcS-7444,1,2587
CcS-7445,1,2588
CcS-7446,1,2589
CcS-7447,1,2590
CcS-7448,1,2591
CcS-7449,1,2592
CcS-7450,1,2593
CcS-7451,1,2594
CcS-7452,1,2595
CcS-7453,1,2596
CcS-7454,1,2597
CcS-7455,1,2598
CcS-7456,1,2599
CcS-7457,1,2600
CcS-7458,1,2601
CcS-7459,1,2602
CcS-7460,1,2603
CcS-7461,1,2604
CcS-7462,1,2605
CcS-7463,1,2606
CcS-7464,1,2607
CcS-7465,1,2608
CcS-7466,1,2609
CcS-7467,1,2610
CcS-7468,1,2611
CcS-7469,1,2612
CcS-7470,1,2613
CcS-7471,1,2614
CcS-7472,1,2615
CcS-7473,1,2616
CcS-7474,1,2617
CcS-7475,1,2618
CcS-7476,1,2619
CcS-7477,1,2620
CcS-7478,1,2621
CcS-7479,1,2622
CcS-7480,1,2623
CcS-7481,1,2624
CcS-7482,1,2625
CcS-7483,1,2626
CcS-7484,1,2627
CcS-7485,1,2628
CcS-7486,1,2629
CcS-7487,1,2630
CcS-7488,1,2631
CcS-7489,1,2632
CcS-7490,1,2633
CcS-7491,1,2634
CcS-7492,1,2635
CcS-7493,1,2636
CcS-7494,1,2637
CcS-7495,1,2638
CcS-7496,1,2639
CcS-7497,1,2640
CcS-7498,1,2641
CcS-7499,1,2642
CcS-7500,1,2643
CcS-7501,1,2644
CcS-7502,1,2645
CcS-7503,1,2646
CcS-7504,1,2647
CcS-7505,1,2648
CcS-7506,1,2649
CcS-7507,1,2650
CcS-7508,1,2651
CcS-7509,1,2652
CcS-7510,1,2653
CcS-7511,1,2654
CcS-7512,1,2655
CcS-7513,1,2656
CcS-7514,1,2657
CcS-7515,1,2658
CcS-7516,1,2659
CcS-7517,1,2660
CcS-7518,1,2661
CcS-7519,1,2662
CcS-7520,1,2663
CcS-7521,1,2664
CcS-7522,1,2665
CcS-7523,1,2666
CcS-7524,1,2667
CcS-7525,1,2668
CcS-7526,1,2669
CcS-7527,1,2670
CcS-7528,1,2671
CcS-7529,1,2672
CcS-7530,1,2673
CcS-7531,1,2674
CcS-7532,1,2675
CcS-7533,1,2676
CcS-7534,1,2677
CcS-7535,1,2678
CcS-7536,1,2679
CcS-7537,1,2680
CcS-7538,1,2681
CcS-7539,1,2682
CcS-7540,1,2683
CcS-7541,1,2684
CcS-7542,1,2685
CcS-7543,1,2686
CcS-7544,1,2687
CcS-7545,1,2688
CcS-7546,1,2689
CcS-7547,1,2690
CcS-7548,1,2691
CcS-7549,1,2692
CcS-7550,1,2693
CcS-7551,1,2694
CcS-7552,1,2695
CcS-7553,1,2696
CcS-7554,1,2697
CcS-7555,1,2698
CcS-7556,1,2699
CcS-7557,1,2700
CcS-7558,1,2701
CcS-7559,1,2702
CcS-7560,1,2703
CcS-7561,1,2704
CcS-7562,1,2705
CcS-7563,1,2706
CcS-7564,1,2707
CcS-7565,1,2708
CcS-7566,1,2709
CcS-7567,1,2710
CcS-7568,1,2711
CcS-7569,1,2712
CcS-7570,1,2713
CcS-7571,1,2714
CcS-7572,1,2715
CcS-7573,1,2716
CcS-7574,1,2717
CcS-7575,1,2718
CcS-7576,1,2719
CcS-7577,1,2720
CcS-7578,1,2721
CcS-7579,1,2722
CcS-7580,1,2723
CcS-7581,1,2724
CcS-7582,1,2725
CcS-7583,1,2726
CcS-7584,1,2727
CcS-7585,1,2728
CcS-7586,1,2729
CcS-7587,1,2730
CcS-7588,1,2731
CcS-7589,1,2732
CcS-7590,1,2733
CcS-7591,1,2734
CcS-7592,1,2735
CcS-7593,1,2736
CcS-7594,1,2737
CcS-7595,1,2738
CcS-7596,1,2739
CcS-7597,1,2740
CcS-7598,1,2741
CcS-7599,1,2742
CcS-7600,1,2743
CcS-7601,1,2744
CcS-7602,1,2745
CcS-7603,1,2746
CcS-7604,1,2747
CcS-7605,1,2748
CcS-7606,1,2749
CcS-7607,1,2750
CcS-7608,1,2751
CcS-7609,1,2752
CcS-7610,1,2753
CcS-7611,1,2754
CcS-7612,1,2755
CcS-7613,1,2756
CcS-7614,1,2757
CcS-7615,1,2758
CcS-7616,1,2759
CcS-7617,1,2760
CcS-7618,1,2761
CcS-7619,1,2762
CcS-7620,1,2763
CcS-7621,1,2764
CcS-7622,1,2765
CcS-7623,1,2766
CcS-7624,1,2767
CcS-7625,1,2768
CcS-7626,1,2769
CcS-7627,1,2770
CcS-7628,1,2771
CcS-7629,1,2772
CcS-7630,1,2773
CcS-7631,1,2774
CcS-7632,1,2775
CcS-7633,1,2776
CcS-7634,1,2777
CcS-7635,1,2778
CcS-7636,1,2779
CcS-7637,1,2780
CcS-7638,1,2781
CcS-7639,1,2782
CcS-7640,1,2783
CcS-7641,1,2784
CcS-7642,1,2785
CcS-7643,1,2786
CcS-7644,1,2787
CcS-7645,1,2788
CcS-7646,1,2789
CcS-7647,1,2790
CcS-7648,1,2791
CcS-7649,1,2792
CcS-7650,1,2793
CcS-7651,1,2794
CcS-7652,1,2795
CcS-7653,1,2796
CcS-7654,1,2797
CcS-7655,1,2798
CcS-7656,1,2799
CcS-7657,1,2800
CcS-7658,1,2801
CcS-7659,1,2802
CcS-7660,1,2803
CcS-7661,1,2804
CcS-7662,1,2805
CcS-7663,1,2806
CcS-7664,1,2807
CcS-7665,1,2808
CcS-7666,1,2809
CcS-7667,1,2810
CcS-7668,1,2811
CcS-7669,1,2812
CcS-7670,1,2813
CcS-7671,1,2814
CcS-7672,1,2815
CcS-7673,1,2816
CcS-7674,1,2817
CcS-7675,1,2818
CcS-7676,1,2819
CcS-7677,1,2820
CcS-7678,1,2821
CcS-7679,1,2822
CcS-7680,1,2823
CcS-7681,1,2824
CcS-7682,1,2825
CcS-7683,1,2826
CcS-7684,1,2827
CcS-7685,1,2828
CcS-7686,1,2829
CcS-7687,1,2830
CcS-7688,1,2831
CcS-7689,1,2832
CcS-7690,1,2833
CcS-7691,1,2834
CcS-7692,1,2835
CcS-7693,1,2836
CcS-7694,1,2837
CcS-7695,1,2838
CcS-7696,1,2839
CcS-7697,1,2840
CcS-7698,1,2841
CcS-7699,1,2842
CcS-7700,1,2843
CcS-7701,1,2844
CcS-7702,1,2845
CcS-7703,1,2846
CcS-7704,1,2847
CcS-7705,1,2848
CcS-7706,1,2849
CcS-7707,1,2850
CcS-7708,1,2851
CcS-7709,1,2852
CcS-7710,1,2853
CcS-7711,1,2854
CcS-7712,1,2855
CcS-7713,1,2856
CcS-7714,1,2857
CcS-7715,1,2858
CcS-7716,1,2859
CcS-7717,1,2860
CcS-7718,1,2861
CcS-7719,1,2862
CcS-7720,1,2863
CcS-7721,1,2864
CcS-7722,1,2865
CcS-7723,1,2866
CcS-7724,1,2867
CcS-7725,1,2868
CcS-7726,1,2869
CcS-7727,1,2870
CcS-7728,1,2871
CcS-7729,1,2872
CcS-7730,1,2873
CcS-7731,1,2874
CcS-7732,1,2875
CcS-7733,1,2876
CcS-7734,1,2877
CcS-7735,1,2878
CcS-7736,1,2879
CcS-7737,1,2880
CcS-7738,1,2881
CcS-7739,1,2882
CcS-7740,1,2883
CcS-7741,1,2884
CcS-7742,1,2885
CcS-7743,1,2886
CcS-7744,1,2887
CcS-7745,1,2888
CcS-7746,1,2889
CcS-7747,1,2890
CcS-7748,1,2891
CcS-7749,1,2892
CcS-7750,1,2893
CcS-7751,1,2894
CcS-7752,1,2895
CcS-7753,1,2896
CcS-7754,1,2897
CcS-7755,1,2898
CcS-7756,1,2899
CcS-7757,1,2900
CcS-7758,1,2901
CcS-7759,1,2902
CcS-7760,1,2903
CcS-7761,1,2904
CcS-7762,1,2905
CcS-7763,1,2906
CcS-7764,1,2907
CcS-7765,1,2908
CcS-7766,1,2909
CcS-7767,1,2910
CcS-7768,1,2911
CcS-7769,1,2912
CcS-7770,1,2913
CcS-7771,1,2914
CcS-7772,1,2915
CcS-7773,1,2916
CcS-7774,1,2917
CcS-7775,1,2918
CcS-7776,1,2919
CcS-7777,1,2920
CcS-7778,1,2921
CcS-7779,1,2922
CcS-7780,1,2923
CcS-7781,1,2924
CcS-7782,1,2925
CcS-7783,1,2926
CcS-7784,1,2927
CcS-7785,1,2928
CcS-7786,1,2929
CcS-7787,1,2930
CcS-7788,1,2931
CcS-7789,1,2932
CcS-7790,1,2933
CcS-7791,1,2934
CcS-7792,1,2935
CcS-7793,1,2936
CcS-7794,1,2937
CcS-7795,1,2938
CcS-7796,1,2939
CcS-7797,1,2940
CcS-7798,1,2941
CcS-7799,1,2942
CcS-7800,1,2943
CcS-7801,1,2944
CcS-7802,1,2945
CcS-7803,1,2946
CcS-7804,1,2947
CcS-7805,1,2948
CcS-7806,1,2949
CcS-7807,1,2950
CcS-7808,1,2951
CcS-7809,1,2952
CcS-7810,1,2953
CcS-7811,1,2954
CcS-7812,1,2955
CcS-7813,1,2956
CcS-7814,1,2957
CcS-7815,1,2958
CcS-7816,1,2959
CcS-7817,1,2960
CcS-7818,1,2961
CcS-7819,1,2962
CcS-7820,1,2963
CcS-7821,1,2964
CcS-7822,1,2965
CcS-7823,1,2966
CcS-7824,1,2967
CcS-7825,1,2968
CcS-7826,1,2969
CcS-7827,1,2970
CcS-7828,1,2971
CcS-7829,1,2972
CcS-7830,1,2973
CcS-7831,1,2974
CcS-7832,1,2975
CcS-7833,1,2976
CcS-7834,1,2977
CcS-7835,1,2978
CcS-7836,1,2979
CcS-7837,1,2980
CcS-7838,1,2981
CcS-7839,1,2982
CcS-7840,1,2983
CcS-7841,1,2984
CcS-7842,1,2985
CcS-7843,1,2986
CcS-7844,1,2987
CcS-7845,1,2988
CcS-7846,1,2989
CcS-7847,1,2990
CcS-7848,1,2991
CcS-7849,1,2992
CcS-7850,1,2993
CcS-7851,1,2994
CcS-7852,1,2995
CcS-7853,1,2996
CcS-7854,1,2997
CcS-7855,1,2998
CcS-7856,1,2999
CcS-7857,1,3000
CcS-7858,1,3001
CcS-7859,1,3002
CcS-7860,1,3003
CcS-7861,1,3004
CcS-7862,1,3005
CcS-7863,1,3006
CcS-7864,1,3007
CcS-7865,1,3008
CcS-7866,1,3009
CcS-7867,1,3010
CcS-7868,1,3011
CcS-7869,1,3012
CcS-7870,1,3013
CcS-7871,1,3014
CcS-7872,1,3015
CcS-7873,1,3016
CcS-7874,1,3017
CcS-7875,1,3018
CcS-7876,1,3019
CcS-7877,1,3020
CcS-7878,1,3021
CcS-7879,1,3022
CcS-7880,1,3023
CcS-7881,1,3024
CcS-7882,1,3025
CcS-7883,1,3026
CcS-7884,1,3027
CcS-7885,1,3028
CcS-7886,1,3029
CcS-7887,1,3030
CcS-7888,1,3031
CcS-7889,1,3032
CcS-7890,1,3033
CcS-7891,1,3034
CcS-7892,1,3035
CcS-7893,1,3036
CcS-7894,1,3037
CcS-7895,1,3038
CcS-7896,1,3039
CcS-7897,1,3040
CcS-7898,1,3041
CcS-7899,1,3042
CcS-7900,1,3043
CcS-7901,1,3044
CcS-7902,1,3045
CcS-7903,1,3046
CcS-7904,1,3047
CcS-7905,1,3048
CcS-7906,1,3049
CcS-7907,1,3050
CcS-7908,1,3051
CcS-7909,1,3052
CcS-7910,1,3053
CcS-7911,1,3054
CcS-7912,1,3055
CcS-7913,1,3056
CcS-7914,1,3057
CcS-7915,1,3058
CcS-7916,1,3059
CcS-7917,1,3060
CcS-7918,1,3061
CcS-7919,1,3062
CcS-7920,1,3063
CcS-7921,1,3064
CcS-7922,1,3065
CcS-7923,1,3066
CcS-7924,1,3067
CcS-7925,1,3068
CcS-7926,1,3069
CcS-7927,1,3070
CcS-7928,1,3071
CcS-7929,1,3072
CcS-7930,1,3073
CcS-7931,1,3074
CcS-7932,1,3075
CcS-7933,1,3076
CcS-7934,1,3077
CcS-7935,1,3078
CcS-7936,1,3079
CcS-7937,1,3080
CcS-7938,1,3081
CcS-7939,1,3082
CcS-7940,1,3083
CcS-7941,1,3084
CcS-7942,1,3085
CcS-7943,1,3086
CcS-7944,1,3087
CcS-7945,1,3088
CcS-7946,1,3089
CcS-7947,1,3090
CcS-7948,1,3091
CcS-7949,1,3092
CcS-7950,1,3093
CcS-7951,1,3094
CcS-7952,1,3095
CcS-7953,1,3096
CcS-7954,1,3097
CcS-7955,1,3098
CcS-7956,1,3099
CcS-7957,1,3100
CcS-7958,1,3101
CcS-7959,1,3102
CcS-7960,1,3103
CcS-7961,1,3104
CcS-7962,1,3105
CcS-7963,1,3106
CcS-7964,1,3107
CcS-7965,1,3108
CcS-7966,1,3109
CcS-7967,1,3110
CcS-7968,1,3111
CcS-7969,1,3112
CcS-7970,1,3113
CcS-7971,1,3114
CcS-7972,1,3115
CcS-7973,1,3116
CcS-7974,1,3117
CcS-7975,1,3118
CcS-7976,1,3119
CcS-7977,1,3120
CcS-7978,1,3121
CcS-7979,1,3122
CcS-7980,1,3123
CcS-7981,1,3124
CcS-7982,1,3125
CcS-7983,1,3126
CcS-7984,1,3127
CcS-7985,1,3128
CcS-7986,1,3129
CcS-7987,1,3130
CcS-7988,1,3131
CcS-7989,1,3132
CcS-7990,1,3133
CcS-7991,1,3134
CcS-7992,1,3135
CcS-7993,1,3136
CcS-7994,1,3137
CcS-7995,1,3138
CcS-7996,1,3139
CcS-7997,1,3140
CcS-7998,1,3141
CcS-7999,1,3142
CcS-8000,1,3143
CcS-8001,1,3144
CcS-8002,1,3145
CcS-8003,1,3146
CcS-8004,1,3147
CcS-8005,1,3148
CcS-8006,1,3149
CcS-8007,1,3150
CcS-8008,1,3151
CcS-8009,1,3152
CcS-8010,1,3153
CcS-8011,1,3154
CcS-8012,1,3155
CcS-8013,1,3156
CcS-8014,1,3157
CcS-8015,1,3158
CcS-8016,1,3159
CcS-8017,1,3160
CcS-8018,1,3161
CcS-8019,1,3162
CcS-8020,1,3163
CcS-8021,1,3164
CcS-8022,1,3165
CcS-8023,1,3166
CcS-8024,1,3167
CcS-8025,1,3168
CcS-8026,1,3169
CcS-8027,1,3170
CcS-8028,1,3171
CcS-8029,1,3172
CcS-8030,1,3173
CcS-8031,1,3174
CcS-8032,1,3175
CcS-8033,1,3176
CcS-8034,1,3177
CcS-8035,1,3178
CcS-8036,1,3179
CcS-8037,1,3180
CcS-8038,1,3181
CcS-8039,1,3182
CcS-8040,1,3183
CcS-8041,1,3184
CcS-8042,1,3185
CcS-8043,1,3186
CcS-8044,1,3187
CcS-8045,1,3188
CcS-8046,1,3189
CcS-8047,1,3190
CcS-8048,1,3191
CcS-8049,1,3192
CcS-8050,1,3193
CcS-8051,1,3194
CcS-8052,1,3195
CcS-8053,1,3196
CcS-8054,1,3197
CcS-8055,1,3198
CcS-8056,1,3199
CcS-8057,1,3200
CcS-8058,1,3201
CcS-8059,1,3202
CcS-8060,1,3203
CcS-8061,1,3204
CcS-8062,1,3205
CcS-8063,1,3206
CcS-8064,1,3207
CcS-8065,1,3208
CcS-8066,1,3209
CcS-8067,1,3210
CcS-8068,1,3211
CcS-8069,1,3212
CcS-8070,1,3213
CcS-8071,1,3214
CcS-8072,1,3215
CcS-8073,1,3216
CcS-8074,1,3217
CcS-8075,1,3218
CcS-8076,1,3219
CcS-8077,1,3220
CcS-8078,1,3221
CcS-8079,1,3222
CcS-8080,1,3223
CcS-8081,1,3224
CcS-8082,1,3225
CcS-8083,1,3226
CcS-8084,1,3227
CcS-8085,1,3228
CcS-8086,1,3229
CcS-8087,1,3230
CcS-8088,1,3231
CcS-8089,1,3232
CcS-8090,1,3233
CcS-8091,1,3234
CcS-8092,1,3235
CcS-8093,1,3236
CcS-8094,1,3237
CcS-8095,1,3238
CcS-8096,1,3239
CcS-8097,1,3240
CcS-8098,1,3241
CcS-8099,1,3242
CcS-8100,1,3243
CcS-8101,1,3244
CcS-8102,1,3245
CcS-8103,1,3246
CcS-8104,1,3247
CcS-8105,1,3248
CcS-8106,1,3249
CcS-8107,1,3250
CcS-8108,1,3251
CcS-8109,1,3252
CcS-8110,1,3253
CcS-8111,1,3254
CcS-8112,1,3255
CcS-8113,1,3256
CcS-8114,1,3257
CcS-8115,1,3258
CcS-8116,1,3259
CcS-8117,1,3260
CcS-8118,1,3261
CcS-8119,1,3262
CcS-8120,1,3263
CcS-8121,1,3264
CcS-8122,1,3265
CcS-8123,1,3266
CcS-8124,1,3267
CcS-8125,1,3268
CcS-8126,1,3269
CcS-8127,1,3270
CcS-8128,1,3271
CcS-8129,1,3272
CcS-8130,1,3273
CcS-8131,1,3274
CcS-8132,1,3275
CcS-8133,1,3276
CcS-8134,1,3277
CcS-8135,1,3278
CcS-8136,1,3279
CcS-8137,1,3280
CcS-8138,1,3281
CcS-8139,1,3282
CcS-8140,1,3283
CcS-8141,1,3284
CcS-8142,1,3285
CcS-8143,1,3286
CcS-8144,1,3287
CcS-8145,1,3288
CcS-8146,1,3289
CcS-8147,1,3290
CcS-8148,1,3291
CcS-8149,1,3292
CcS-8150,1,3293
CcS-8151,1,3294
CcS-8152,1,3295
CcS-8153,1,3296
CcS-8154,1,3297
CcS-8155,1,3298
CcS-8156,1,3299
CcS-8157,1,3300
CcS-8158,1,3301
CcS-8159,1,3302
CcS-8160,1,3303
CcS-8161,1,3304
CcS-8162,1,3305
CcS-8163,1,3306
CcS-8164,1,3307
CcS-8165,1,3308
CcS-8166,1,3309
CcS-8167,1,3310
CcS-8168,1,3311
CcS-8169,1,3312
CcS-8170,1,3313
CcS-8171,1,3314
CcS-8172,1,3315
CcS-8173,1,3316
CcS-8174,1,3317
CcS-8175,1,3318
CcS-8176,1,3319
CcS-8177,1,3320
CcS-8178,1,3321
CcS-8179,1,3322
CcS-8180,1,3323
CcS-8181,1,3324
CcS-8182,1,3325
CcS-8183,1,3326
CcS-8184,1,3327
CcS-8185,1,3328
CcS-8186,1,3329
CcS-8187,1,3330
CcS-8188,1,3331
CcS-8189,1,3332
CcS-8190,1,3333
CcS-8191,1,3334
CcS-8192,1,3335
CcS-8193,1,3336
CcS-8194,1,3337
CcS-8195,1,3338
CcS-8196,1,3339
CcS-8197,1,3340
CcS-8198,1,3341
CcS-8199,1,3342
CcS-8200,1,3343
CcS-8201,1,3344
CcS-8202,1,3345
CcS-8203,1,3346
CcS-8204,1,3347
CcS-8205,1,3348
CcS-8206,1,3349
CcS-8207,1,3350
CcS-8208,1,3351
CcS-8209,1,3352
CcS-8210,1,3353
CcS-8211,1,3354
CcS-8212,1,3355
CcS-8213,1,3356
CcS-8214,1,3357
CcS-8215,1,3358
CcS-8216,1,3359
CcS-8217,1,3360
CcS-8218,1,3361
CcS-8219,1,3362
CcS-8220,1,3363
CcS-8221,1,3364
CcS-8222,1,3365
CcS-8223,1,3366
CcS-8224,1,3367
CcS-8225,1,3368
CcS-8226,1,3369
CcS-8227,1,3370
CcS-8228,1,3371
CcS-8229,1,3372
CcS-8230,1,3373
CcS-8231,1,3374
CcS-8232,1,3375
CcS-8233,1,3376
CcS-8234,1,3377
CcS-8235,1,3378
CcS-8236,1,3379
CcS-8237,1,3380
CcS-8238,1,3381
CcS-8239,1,3382
CcS-8240,1,3383
CcS-8241,1,3384
CcS-8242,1,3385
CcS-8243,1,3386
CcS-8244,1,3387
CcS-8245,1,3388
CcS-8246,1,3389
CcS-8247,1,3390
CcS-8248,1,3391
CcS-8249,1,3392
CcS-8250,1,3393
CcS-8251,1,3394
CcS-8252,1,3395
CcS-8253,1,3396
CcS-8254,1,3397
CcS-8255,1,3398
CcS-8256,1,3399
CcS-8257,1,3400
CcS-8258,1,3401
CcS-8259,1,3402
CcS-8260,1,3403
CcS-8261,1,3404
CcS-8262,1,3405
CcS-8263,1,3406
CcS-8264,1,3407
CcS-8265,1,3408
CcS-8266,1,3409
CcS-8267,1,3410
CcS-8268,1,3411
CcS-8269,1,3412
CcS-8270,1,3413
CcS-8271,1,3414
CcS-8272,1,3415
CcS-8273,1,3416
CcS-8274,1,3417
CcS-8275,1,3418
CcS-8276,1,3419
CcS-8277,1,3420
CcS-8278,1,3421
CcS-8279,1,3422
CcS-8280,1,3423
CcS-8281,1,3424
CcS-8282,1,3425
CcS-8283,1,3426
CcS-8284,1,3427
CcS-8285,1,3428
CcS-8286,1,3429
CcS-8287,1,3430
CcS-8288,1,3431
CcS-8289,1,3432
CcS-8290,1,3433
CcS-8291,1,3434
CcS-8292,1,3435
CcS-8293,1,3436
CcS-8294,1,3437
CcS-8295,1,3438
CcS-8296,1,3439
CcS-8297,1,3440
CcS-8298,1,3441
CcS-8299,1,3442
CcS-8300,1,3443
CcS-8301,1,3444
CcS-8302,1,3445
CcS-8303,1,3446
CcS-8304,1,3447
CcS-8305,1,3448
CcS-8306,1,3449
CcS-8307,1,3450
CcS-8308,1,3451
CcS-8309,1,3452
CcS-8310,1,3453
CcS-8311,1,3454
CcS-8312,1,3455
CcS-8313,1,3456
CcS-8314,1,3457
CcS-8315,1,3458
CcS-8316,1,3459
CcS-8317,1,3460
CcS-8318,1,3461
CcS-8319,1,3462
CcS-8320,1,3463
CcS-8321,1,3464
CcS-8322,1,3465
CcS-8323,1,3466
CcS-8324,1,3467
CcS-8325,1,3468
CcS-8326,1,3469
CcS-8327,1,3470
CcS-8328,1,3471
CcS-8329,1,3472
CcS-8330,1,3473
CcS-8331,1,3474
CcS-8332,1,3475
CcS-8333,1,3476
CcS-8334,1,3477
CcS-8335,1,3478
CcS-8336,1,3479
CcS-8337,1,3480
CcS-8338,1,3481
CcS-8339,1,3482
CcS-8340,1,3483
CcS-8341,1,3484
CcS-8342,1,3485
CcS-8343,1,3486
CcS-8344,1,3487
CcS-8345,1,3488
CcS-8346,1,3489
CcS-8347,1,3490
CcS-8348,1,3491
CcS-8349,1,3492
CcS-8350,1,3493
CcS-8351,1,3494
CcS-8352,1,3495
CcS-8353,1,3496
CcS-8354,1,3497
CcS-8355,1,3498
CcS-8356,1,3499
CcS-8357,1,3500
CcS-8358,1,3501
CcS-8359,1,3502
CcS-8360,1,3503
CcS-8361,1,3504
CcS-8362,1,3505
CcS-8363,1,3506
CcS-8364,1,3507
CcS-8365,1,3508
CcS-8366,1,3509
CcS-8367,1,3510
CcS-8368,1,3511
CcS-8369,1,3512
CcS-8370,1,3513
CcS-8371,1,3514
CcS-8372,1,3515
CcS-8373,1,3516
CcS-8374,1,3517
CcS-8375,1,3518
CcS-8376,1,3519
CcS-8377,1,3520
CcS-8378,1,3521
CcS-8379,1,3522
CcS-8380,1,3523
CcS-8381,1,3524
CcS-8382,1,3525
CcS-8383,1,3526
CcS-8384,1,3527
CcS-8385,1,3528
CcS-8386,1,3529
CcS-8387,1,3530
CcS-8388,1,3531
CcS-8389,1,3532
CcS-8390,1,3533
CcS-8391,1,3534
CcS-8392,1,3535
CcS-8393,1,3536
CcS-8394,1,3537
CcS-8395,1,3538
CcS-8396,1,3539
CcS-8397,1,3540
CcS-8398,1,3541
CcS-8399,1,3542
CcS-8400,1,3543
CcS-8401,1,3544
CcS-8402,1,3545
CcS-8403,1,3546
CcS-8404,1,3547
CcS-8405,1,3548
CcS-8406,1,3549
CcS-8407,1,3550
CcS-8408,1,3551
CcS-8409,1,3552
CcS-8410,1,3553
CcS-8411,1,3554
CcS-8412,1,3555
CcS-8413,1,3556
CcS-8414,1,3557
CcS-8415,1,3558
CcS-8416,1,3559
CcS-8417,1,3560
CcS-8418,1,3561
CcS-8419,1,3562
CcS-8420,1,3563
CcS-8421,1,3564
CcS-8422,1,3565
CcS-8423,1,3566
CcS-8424,1,3567
CcS-8425,1,3568
CcS-8426,1,3569
CcS-8427,1,3570
CcS-8428,1,3571
CcS-8429,1,3572
CcS-8430,1,3573
CcS-8431,1,3574
CcS-8432,1,3575
CcS-8433,1,3576
CcS-8434,1,3577
CcS-8435,1,3578
CcS-8436,1,3579
CcS-8437,1,3580
CcS-8438,1,3581
CcS-8439,1,3582
CcS-8440,1,3583
CcS-8441,1,3584
CcS-8442,1,3585
CcS-8443,1,3586
CcS-8444,1,3587
CcS-8445,1,3588
CcS-8446,1,3589
CcS-8447,1,3590
CcS-8448,1,3591
CcS-8449,1,3592
CcS-8450,1,3593
CcS-8451,1,3594
CcS-8452,1,3595
CcS-8453,1,3596
CcS-8454,1,3597
CcS-8455,1,3598
CcS-8456,1,3599
CcS-8457,1,3600
CcS-8458,1,3601
CcS-8459,1,3602
CcS-8460,1,3603
CcS-8461,1,3604
CcS-8462,1,3605
CcS-8463,1,3606
CcS-8464,1,3607
CcS-8465,1,3608
CcS-8466,1,3609
CcS-8467,1,3610
CcS-8468,1,3611
CcS-8469,1,3612
CcS-8470,1,3613
CcS-8471,1,3614
CcS-8472,1,3615
CcS-8473,1,3616
CcS-8474,1,3617
CcS-8475,1,3618
CcS-8476,1,3619
CcS-8477,1,3620
CcS-8478,1,3621
CcS-8479,1,3622
CcS-8480,1,3623
CcS-8481,1,3624
CcS-8482,1,3625
CcS-8483,1,3626
CcS-8484,1,3627
CcS-8485,1,3628
CcS-8486,1,3629
CcS-8487,1,3630
CcS-8488,1,3631
CcS-8489,1,3632
CcS-8490,1,3633
CcS-8491,1,3634
CcS-8492,1,3635
CcS-8493,1,3636
CcS-8494,1,3637
CcS-8495,1,3638
CcS-8496,1,3639
CcS-8497,1,3640
CcS-8498,1,3641
CcS-8499,1,3642
CcS-8500,1,3643
CcS-8501,1,3644
CcS-8502,1,3645
CcS-8503,1,3646
CcS-8504,1,3647
CcS-8505,1,3648
CcS-8506,1,3649
CcS-8507,1,3650
CcS-8508,1,3651
CcS-8509,1,3652
CcS-8510,1,3653
CcS-8511,1,3654
CcS-8512,1,3655
CcS-8513,1,3656
CcS-8514,1,3657
CcS-8515,1,3658
CcS-8516,1,3659
CcS-8517,1,3660
CcS-8518,1,3661
CcS-8519,1,3662
CcS-8520,1,3663
CcS-8521,1,3664
CcS-8522,1,3665
CcS-8523,1,3666
CcS-8524,1,3667
CcS-8525,1,3668
CcS-8526,1,3669
CcS-8527,1,3670
CcS-8528,1,3671
CcS-8529,1,3672
CcS-8530,1,3673
CcS-8531,1,3674
CcS-8532,1,3675
CcS-8533,1,3676
CcS-8534,1,3677
CcS-8535,1,3678
CcS-8536,1,3679
CcS-8537,1,3680
CcS-8538,1,3681
CcS-8539,1,3682
CcS-8540,1,3683
CcS-8541,1,3684
CcS-8542,1,3685
CcS-8543,1,3686
CcS-8544,1,3687
CcS-8545,1,3688
CcS-8546,1,3689
CcS-8547,1,3690
CcS-8548,1,3691
CcS-8549,1,3692
CcS-8550,1,3693
CcS-8551,1,3694
CcS-8552,1,3695
CcS-8553,1,3696
CcS-8554,1,3697
CcS-8555,1,3698
CcS-8556,1,3699
CcS-8557,1,3700
CcS-8558,1,3701
CcS-8559,1,3702
CcS-8560,1,3703
CcS-8561,1,3704
CcS-8562,1,3705
CcS-8563,1,3706
CcS-8564,1,3707
CcS-8565,1,3708
CcS-8566,1,3709
CcS-8567,1,3710
CcS-8568,1,3711
CcS-8569,1,3712
CcS-8570,1,3713
CcS-8571,1,3714
CcS-8572,1,3715
CcS-8573,1,3716
CcS-8574,1,3717
CcS-8575,1,3718
CcS-8576,1,3719
CcS-8577,1,3720
CcS-8578,1,3721
CcS-8579,1,3722
CcS-8580,1,3723
CcS-8581,1,3724
CcS-8582,1,3725
CcS-8583,1,3726
CcS-8584,1,3727
CcS-8585,1,3728
CcS-8586,1,3729
CcS-8587,1,3730
CcS-8588,1,3731
CcS-8589,1,3732
CcS-8590,1,3733
CcS-8591,1,3734
CcS-8592,1,3735
CcS-8593,1,3736
CcS-8594,1,3737
CcS-8595,1,3738
CcS-8596,1,3739
CcS-8597,1,3740
CcS-8598,1,3741
CcS-8599,1,3742
CcS-8600,1,3743
CcS-8601,1,3744
CcS-8602,1,3745
CcS-8603,1,3746
CcS-8604,1,3747
CcS-8605,1,3748
CcS-8606,1,3749
CcS-8607,1,3750
CcS-8608,1,3751
CcS-8609,1,3752
CcS-8610,1,3753
CcS-8611,1,3754
CcS-8612,1,3755
CcS-8613,1,3756
CcS-8614,1,3757
CcS-8615,1,3758
CcS-8616,1,3759
CcS-8617,1,3760
CcS-8618,1,3761
CcS-8619,1,3762
CcS-8620,1,3763
CcS-8621,1,3764
CcS-8622,1,3765
CcS-8623,1,3766
CcS-8624,1,3767
CcS-8625,1,3768
CcS-8626,1,3769
CcS-8627,1,3770
CcS-8628,1,3771
CcS-8629,1,3772
CcS-8630,1,3773
CcS-8631,1,3774
CcS-8632,1,3775
CcS-8633,1,3776
CcS-8634,1,3777
CcS-8635,1,3778
CcS-8636,1,3779
CcS-8637,1,3780
CcS-8638,1,3781
CcS-8639,1,3782
CcS-8640,1,3783
CcS-8641,1,3784
CcS-8642,1,3785
CcS-8643,1,3786
CcS-8644,1,3787
CcS-8645,1,3788
CcS-8646,1,3789
CcS-8647,1,3790
CcS-8648,1,3791
CcS-8649,1,3792
CcS-8650,1,3793
CcS-8651,1,3794
CcS-8652,1,3795
CcS-8653,1,3796
CcS-8654,1,3797
CcS-8655,1,3798
CcS-8656,1,3799
CcS-8657,1,3800
CcS-8658,1,3801
CcS-8659,1,3802
CcS-8660,1,3803
CcS-8661,1,3804
CcS-8662,1,3805
CcS-8663,1,3806
CcS-8664,1,3807
CcS-8665,1,3808
CcS-8666,1,3809
CcS-8667,1,3810
CcS-8668,1,3811
CcS-8669,1,3812
CcS-8670,1,3813
CcS-8671,1,3814
CcS-8672,1,3815
CcS-8673,1,3816
CcS-8674,1,3817
CcS-8675,1,3818
CcS-8676,1,3819
CcS-8677,1,3820
CcS-8678,1,3821
CcS-8679,1,3822
CcS-8680,1,3823
CcS-8681,1,3824
CcS-8682,1,3825
CcS-8683,1,3826
CcS-8684,1,3827
CcS-8685,1,3828
CcS-8686,1,3829
CcS-8687,1,3830
CcS-8688,1,3831
CcS-8689,1,3832
CcS-8690,1,3833
CcS-8691,1,3834
CcS-8692,1,3835
CcS-8693,1,3836
CcS-8694,1,3837
CcS-8695,1,3838
CcS-8696,1,3839
CcS-8697,1,3840
CcS-8698,1,3841
CcS-8699,1,3842
CcS-8700,1,3843
CcS-8701,1,3844
CcS-8702,1,3845
CcS-8703,1,3846
CcS-8704,1,3847
CcS-8705,1,3848
CcS-8706,1,3849
CcS-8707,1,3850
CcS-8708,1,3851
CcS-8709,1,3852
CcS-8710,1,3853
CcS-8711,1,3854
CcS-8712,1,3855
CcS-8713,1,3856
CcS-8714,1,3857
CcS-8715,1,3858
CcS-8716,1,3859
CcS-8717,1,3860
CcS-8718,1,3861
CcS-8719,1,3862
CcS-8720,1,3863
CcS-8721,1,3864
CcS-8722,1,3865
CcS-8723,1,3866
CcS-8724,1,3867
CcS-8725,1,3868
CcS-8726,1,3869
CcS-8727,1,3870
CcS-8728,1,3871
CcS-8729,1,3872
CcS-8730,1,3873
CcS-8731,1,3874
CcS-8732,1,3875
CcS-8733,1,3876
CcS-8734,1,3877
CcS-8735,1,3878
CcS-8736,1,3879
CcS-8737,1,3880
CcS-8738,1,3881
CcS-8739,1,3882
CcS-8740,1,3883
CcS-8741,1,3884
CcS-8742,1,3885
CcS-8743,1,3886
CcS-8744,1,3887
CcS-8745,1,3888
CcS-8746,1,3889
CcS-8747,1,3890
CcS-8748,1,3891
CcS-8749,1,3892
CcS-8750,1,3893
CcS-8751,1,3894
CcS-8752,1,3895
CcS-8753,1,3896
CcS-8754,1,3897
CcS-8755,1,3898
CcS-8756,1,3899
CcS-8757,1,3900
CcS-8758,1,3901
CcS-8759,1,3902
CcS-8760,1,3903
CcS-8761,1,3904
CcS-8762,1,3905
CcS-8763,1,3906
CcS-8764,1,3907
CcS-8765,1,3908
CcS-8766,1,3909
CcS-8767,1,3910
CcS-8768,1,3911
CcS-8769,1,3912
CcS-8770,1,3913
CcS-8771,1,3914
CcS-8772,1,3915
CcS-8773,1,3916
CcS-8774,1,3917
CcS-8775,1,3918
CcS-8776,1,3919
CcS-8777,1,3920
CcS-8778,1,3921
CcS-8779,1,3922
CcS-8780,1,3923
CcS-8781,1,3924
CcS-8782,1,3925
CcS-8783,1,3926
CcS-8784,1,3927
CcS-8785,1,3928
CcS-8786,1,3929
CcS-8787,1,3930
CcS-8788,1,3931
CcS-8789,1,3932
CcS-8790,1,3933
CcS-8791,1,3934
CcS-8792,1,3935
CcS-8793,1,3936
CcS-8794,1,3937
CcS-8795,1,3938
CcS-8796,1,3939
CcS-8797,1,3940
CcS-8798,1,3941
CcS-8799,1,3942
CcS-8800,1,3943
CcS-8801,1,3944
CcS-8802,1,3945
CcS-8803,1,3946
CcS-8804,1,3947
CcS-8805,1,3948
CcS-8806,1,3949
CcS-8807,1,3950
CcS-8808,1,3951
CcS-8809,1,3952
CcS-8810,1,3953
CcS-8811,1,3954
CcS-8812,1,3955
CcS-8813,1,3956
CcS-8814,1,3957
CcS-8815,1,3958
CcS-8816,1,3959
CcS-8817,1,3960
CcS-8818,1,3961
CcS-8819,1,3962
CcS-8820,1,3963
CcS-8821,1,3964
CcS-8822,1,3965
CcS-8823,1,3966
CcS-8824,1,3967
CcS-8825,1,3968
CcS-8826,1,3969
CcS-8827,1,3970
CcS-8828,1,3971
CcS-8829,1,3972
CcS-8830,1,3973
CcS-8831,1,3974
CcS-8832,1,3975
CcS-8833,1,3976
CcS-8834,1,3977
CcS-8835,1,3978
CcS-8836,1,3979
CcS-8837,1,3980
CcS-8838,1,3981
CcS-8839,1,3982
CcS-8840,1,3983
CcS-8841,1,3984
CcS-8842,1,3985
CcS-8843,1,3986
CcS-8844,1,3987
CcS-8845,1,3988
CcS-8846,1,3989
CcS-8847,1,3990
CcS-8848,1,3991
CcS-8849,1,3992
CcS-8850,1,3993
CcS-8851,1,3994
CcS-8852,1,3995
CcS-8853,1,3996
CcS-8854,1,3997
CcS-8855,1,3998
CcS-8856,1,3999
CcS-8857,1,4000
CcS-8858,1,4001
CcS-8859,1,4002
CcS-8860,1,4003
CcS-8861,1,4004
CcS-8862,1,4005
CcS-8863,1,4006
CcS-8864,1,4007
CcS-8865,1,4008
CcS-8866,1,4009
CcS-8867,1,4010
CcS-8868,1,4011
CcS-8869,1,4012
CcS-8870,1,4013
CcS-8871,1,4014
CcS-8872,1,4015
CcS-8873,1,4016
CcS-8874,1,4017
CcS-8875,1,4018
CcS-8876,1,4019
CcS-8877,1,4020
CcS-8878,1,4021
CcS-8879,1,4022
CcS-8880,1,4023
CcS-8881,1,4024
CcS-8882,1,4025
CcS-8883,1,4026
CcS-8884,1,4027
CcS-8885,1,4028
CcS-8886,1,4029
CcS-8887,1,4030
CcS-8888,1,4031
CcS-8889,1,4032
CcS-8890,1,4033
CcS-8891,1,4034
CcS-8892,1,4035
CcS-8893,1,4036
CcS-8894,1,4037
CcS-8895,1,4038
CcS-8896,1,4039
CcS-8897,1,4040
CcS-8898,1,4041
CcS-8899,1,4042
CcS-8900,1,4043
CcS-8901,1,4044
CcS-8902,1,4045
CcS-8903,1,4046
CcS-8904,1,4047
CcS-8905,1,4048
CcS-8906,1,4049
CcS-8907,1,4050
CcS-8908,1,4051
CcS-8909,1,4052
CcS-8910,1,4053
CcS-8911,1,4054
CcS-8912,1,4055
CcS-8913,1,4056
CcS-8914,1,4057
CcS-8915,1,4058
CcS-8916,1,4059
CcS-8917,1,4060
CcS-8918,1,4061
CcS-8919,1,4062
CcS-8920,1,4063
CcS-8921,1,4064
CcS-8922,1,4065
CcS-8923,1,4066
CcS-8924,1,4067
CcS-8925,1,4068
CcS-8926,1,4069
CcS-8927,1,4070
CcS-8928,1,4071
CcS-8929,1,4072
CcS-8930,1,4073
CcS-8931,1,4074
CcS-8932,1,4075
CcS-8933,1,4076
CcS-8934,1,4077
CcS-8935,1,4078
CcS-8936,1,4079
CcS-8937,1,4080
CcS-8938,1,4081
CcS-8939,1,4082
CcS-8940,1,4083
CcS-8941,1,4084
CcS-8942,1,4085
CcS-8943,1,4086
CcS-8944,1,4087
CcS-8945,1,4088
CcS-8946,1,4089
CcS-8947,1,4090
CcS-8948,1,4091
CcS-8949,1,4092
CcS-8950,1,4093
CcS-8951,1,4094
CcS-8952,1,4095
CcS-8953,1,4096
CcS-8954,1,4097
CcS-8955,1,4098
CcS-8956,1,4099
CcS-8957,1,4100
CcS-8958,1,4101
CcS-8959,1,4102
CcS-8960,1,4103
CcS-8961,1,4104
CcS-8962,1,4105
CcS-8963,1,4106
CcS-8964,1,4107
CcS-8965,1,4108
CcS-8966,1,4109
CcS-8967,1,4110
CcS-8968,1,4111
CcS-8969,1,4112
CcS-8970,1,4113
CcS-8971,1,4114
CcS-8972,1,4115
CcS-8973,1,4116
CcS-8974,1,4117
CcS-8975,1,4118
CcS-8976,1,4119
CcS-8977,1,4120
CcS-8978,1,4121
CcS-8979,1,4122
CcS-8980,1,4123
CcS-8981,1,4124
CcS-8982,1,4125
CcS-8983,1,4126
CcS-8984,1,4127
CcS-8985,1,4128
CcS-8986,1,4129
CcS-8987,1,4130
CcS-8988,1,4131
CcS-8989,1,4132
CcS-8990,1,4133
CcS-8991,1,4134
CcS-8992,1,4135
CcS-8993,1,4136
CcS-8994,1,4137
CcS-8995,1,4138
CcS-8996,1,4139
CcS-8997,1,4140
CcS-8998,1,4141
CcS-8999,1,4142
CcS-9000,1,4143
CcS-9001,1,4144
CcS-9002,1,4145
CcS-9003,1,4146
CcS-9004,1,4147
CcS-9005,1,4148
CcS-9006,1,4149
CcS-9007,1,4150
CcS-9008,1,4151
CcS-9009,1,4152
CcS-9010,1,4153
CcS-9011,1,4154
CcS-9012,1,4155
CcS-9013,1,4156
CcS-9014,1,4157
CcS-9015,1,4158
CcS-9016,1,4159
CcS-9017,1,4160
CcS-9018,1,4161
CcS-9019,1,4162
CcS-9020,1,4163
CcS-9021,1,4164
CcS-9022,1,4165
CcS-9023,1,4166
CcS-9024,1,4167
CcS-9025,1,4168
CcS-9026,1,4169
CcS-9027,1,4170
CcS-9028,1,4171
CcS-9029,1,4172
CcS-9030,1,4173
CcS-9031,1,4174
CcS-9032,1,4175
CcS-9033,1,4176
CcS-9034,1,4177
CcS-9035,1,4178
CcS-9036,1,4179
CcS-9037,1,4180
CcS-9038,1,4181
CcS-9039,1,4182
CcS-9040,1,4183
CcS-9041,1,4184
CcS-9042,1,4185
CcS-9043,1,4186
CcS-9044,1,4187
CcS-9045,1,4188
CcS-9046,1,4189
CcS-9047,1,4190
CcS-9048,1,4191
CcS-9049,1,4192
CcS-9050,1,4193
CcS-9051,1,4194
CcS-9052,1,4195
CcS-9053,1,4196
CcS-9054,1,4197
CcS-9055,1,4198
CcS-9056,1,4199
CcS-9057,1,4200
CcS-9058,1,4201
CcS-9059,1,4202
CcS-9060,1,4203
CcS-9061,1,4204
CcS-9062,1,4205
CcS-9063,1,4206
CcS-9064,1,4207
CcS-9065,1,4208
CcS-9066,1,4209
CcS-9067,1,4210
CcS-9068,1,4211
CcS-9069,1,4212
CcS-9070,1,4213
CcS-9071,1,4214
CcS-9072,1,4215
CcS-9073,1,4216
CcS-9074,1,4217
CcS-9075,1,4218
CcS-9076,1,4219
CcS-9077,1,4220
CcS-9078,1,4221
CcS-9079,1,4222
CcS-9080,1,4223
CcS-9081,1,4224
CcS-9082,1,4225
CcS-9083,1,4226
CcS-9084,1,4227
CcS-9085,1,4228
CcS-9086,1,4229
CcS-9087,1,4230
CcS-9088,1,4231
CcS-9089,1,4232
CcS-9090,1,4233
CcS-9091,1,4234
CcS-9092,1,4235
CcS-9093,1,4236
CcS-9094,1,4237
CcS-9095,1,4238
CcS-9096,1,4239
CcS-9097,1,4240
CcS-9098,1,4241
CcS-9099,1,4242
CcS-9100,1,4243
CcS-9101,1,4244
CcS-9102,1,4245
CcS-9103,1,4246
CcS-9104,1,4247
CcS-9105,1,4248
CcS-9106,1,4249
CcS-9107,1,4250
CcS-9108,1,4251
CcS-9109,1,4252
CcS-9110,1,4253
CcS-9111,1,4254
CcS-9112,1,4255
CcS-9113,1,4256
CcS-9114,1,4257
CcS-9115,1,4258
CcS-9116,1,4259
CcS-9117,1,4260
CcS-9118,1,4261
CcS-9119,1,4262
CcS-9120,1,4263
CcS-9121,1,4264
CcS-9122,1,4265
CcS-9123,1,4266
CcS-9124,1,4267
CcS-9125,1,4268
CcS-9126,1,4269
CcS-9127,1,4270
CcS-9128,1,4271
CcS-9129,1,4272
CcS-9130,1,4273
CcS-9131,1,4274
CcS-9132,1,4275
CcS-9133,1,4276
CcS-9134,1,4277
CcS-9135,1,4278
CcS-9136,1,4279
CcS-9137,1,4280
CcS-9138,1,4281
CcS-9139,1,4282
CcS-9140,1,4283
CcS-9141,1,4284
CcS-9142,1,4285
CcS-9143,1,4286
CcS-9144,1,4287
CcS-9145,1,4288
CcS-9146,1,4289
CcS-9147,1,4290
CcS-9148,1,4291
CcS-9149,1,4292
CcS-9150,1,4293
CcS-9151,1,4294
CcS-9152,1,4295
CcS-9153,1,4296
CcS-9154,1,4297
CcS-9155,1,4298
CcS-9156,1,4299
CcS-9157,1,4300
CcS-9158,1,4301
CcS-9159,1,4302
CcS-9160,1,4303
CcS-9161,1,4304
CcS-9162,1,4305
CcS-9163,1,4306
CcS-9164,1,4307
CcS-9165,1,4308
CcS-9166,1,4309
CcS-9167,1,4310
CcS-9168,1,4311
CcS-9169,1,4312
CcS-9170,1,4313
CcS-9171,1,4314
CcS-9172,1,4315
CcS-9173,1,4316
CcS-9174,1,4317
CcS-9175,1,4318
CcS-9176,1,4319
CcS-9177,1,4320
CcS-9178,1,4321
CcS-9179,1,4322
CcS-9180,1,4323
CcS-9181,1,4324
CcS-9182,1,4325
CcS-9183,1,4326
CcS-9184,1,4327
CcS-9185,1,4328
CcS-9186,1,4329
CcS-9187,1,4330
CcS-9188,1,4331
CcS-9189,1,4332
CcS-9190,1,4333
CcS-9191,1,4334
CcS-9192,1,4335
CcS-9193,1,4336
CcS-9194,1,4337
CcS-9195,1,4338
CcS-9196,1,4339
CcS-9197,1,4340
CcS-9198,1,4341
CcS-9199,1,4342
CcS-9200,1,4343
CcS-9201,1,4344
CcS-9202,1,4345
CcS-9203,1,4346
CcS-9204,1,4347
CcS-9205,1,4348
CcS-9206,1,4349
CcS-9207,1,4350
CcS-9208,1,4351
CcS-9209,1,4352
CcS-9210,1,4353
CcS-9211,1,4354
CcS-9212,1,4355
CcS-9213,1,4356
CcS-9214,1,4357
CcS-9215,1,4358
CcS-9216,1,4359
CcS-9217,1,4360
CcS-9218,1,4361
CcS-9219,1,4362
CcS-9220,1,4363
CcS-9221,1,4364
CcS-9222,1,4365
CcS-9223,1,4366
CcS-9224,1,4367
CcS-9225,1,4368
CcS-9226,1,4369
CcS-9227,1,4370
CcS-9228,1,4371
CcS-9229,1,4372
CcS-9230,1,4373
CcS-9231,1,4374
CcS-9232,1,4375
CcS-9233,1,4376
CcS-9234,1,4377
CcS-9235,1,4378
CcS-9236,1,4379
CcS-9237,1,4380
CcS-9238,1,4381
CcS-9239,1,4382
CcS-9240,1,4383
CcS-9241,1,4384
CcS-9242,1,4385
CcS-9243,1,4386
CcS-9244,1,4387
CcS-9245,1,4388
CcS-9246,1,4389
CcS-9247,1,4390
CcS-9248,1,4391
CcS-9249,1,4392
CcS-9250,1,4393
CcS-9251,1,4394
CcS-9252,1,4395
CcS-9253,1,4396
CcS-9254,1,4397
CcS-9255,1,4398
CcS-9256,1,4399
CcS-9257,1,4400
CcS-9258,1,4401
CcS-9259,1,4402
CcS-9260,1,4403
CcS-9261,1,4404
CcS-9262,1,4405
CcS-9263,1,4406
CcS-9264,1,4407
CcS-9265,1,4408
CcS-9266,1,4409
CcS-9267,1,4410
CcS-9268,1,4411
CcS-9269,1,4412
CcS-9270,1,4413
CcS-9271,1,4414
CcS-9272,1,4415
CcS-9273,1,4416
CcS-9274,1,4417
CcS-9275,1,4418
CcS-9276,1,4419
CcS-9277,1,4420
CcS-9278,1,4421
CcS-9279,1,4422
CcS-9280,1,4423
CcS-9281,1,4424
CcS-9282,1,4425
CcS-9283,1,4426
CcS-9284,1,4427
CcS-9285,1,4428
CcS-9286,1,4429
CcS-9287,1,4430
CcS-9288,1,4431
CcS-9289,1,4432
CcS-9290,1,4433
CcS-9291,1,4434
CcS-9292,1,4435
CcS-9293,1,4436
CcS-9294,1,4437
CcS-9295,1,4438
CcS-9296,1,4439
CcS-9297,1,4440
CcS-9298,1,4441
CcS-9299,1,4442
CcS-9300,1,4443
CcS-9301,1,4444
CcS-9302,1,4445
CcS-9303,1,4446
CcS-9304,1,4447
CcS-9305,1,4448
CcS-9306,1,4449
CcS-9307,1,4450
CcS-9308,1,4451
CcS-9309,1,4452
CcS-9310,1,4453
CcS-9311,1,4454
CcS-9312,1,4455
CcS-9313,1,4456
CcS-9314,1,4457
CcS-9315,1,4458
CcS-9316,1,4459
CcS-9317,1,4460
CcS-9318,1,4461
CcS-9319,1,4462
CcS-9320,1,4463
CcS-9321,1,4464
CcS-9322,1,4465
CcS-9323,1,4466
CcS-9324,1,4467
CcS-9325,1,4468
CcS-9326,1,4469
CcS-9327,1,4470
CcS-9328,1,4471
CcS-9329,1,4472
CcS-9330,1,4473
CcS-9331,1,4474
CcS-9332,1,4475
CcS-9333,1,4476
CcS-9334,1,4477
CcS-9335,1,4478
CcS-9336,1,4479
CcS-9337,1,4480
CcS-9338,1,4481
CcS-9339,1,4482
CcS-9340,1,4483
CcS-9341,1,4484
CcS-9342,1,4485
CcS-9343,1,4486
CcS-9344,1,4487
CcS-9345,1,4488
CcS-9346,1,4489
CcS-9347,1,4490
CcS-9348,1,4491
CcS-9349,1,4492
CcS-9350,1,4493
CcS-9351,1,4494
CcS-9352,1,4495
CcS-9353,1,4496
CcS-9354,1,4497
CcS-9355,1,4498
CcS-9356,1,4499
CcS-9357,1,4500
CcS-9358,1,4501
CcS-9359,1,4502
CcS-9360,1,4503
CcS-9361,1,4504
CcS-9362,1,4505
CcS-9363,1,4506
CcS-9364,1,4507
CcS-9365,1,4508
CcS-9366,1,4509
CcS-9367,1,4510
CcS-9368,1,4511
CcS-9369,1,4512
CcS-9370,1,4513
CcS-9371,1,4514
CcS-9372,1,4515
CcS-9373,1,4516
CcS-9374,1,4517
CcS-9375,1,4518
CcS-9376,1,4519
CcS-9377,1,4520
CcS-9378,1,4521
CcS-9379,1,4522
CcS-9380,1,4523
CcS-9381,1,4524
CcS-9382,1,4525
CcS-9383,1,4526
CcS-9384,1,4527
CcS-9385,1,4528
CcS-9386,1,4529
CcS-9387,1,4530
CcS-9388,1,4531
CcS-9389,1,4532
CcS-9390,1,4533
CcS-9391,1,4534
CcS-9392,1,4535
CcS-9393,1,4536
CcS-9394,1,4537
CcS-9395,1,4538
CcS-9396,1,4539
CcS-9397,1,4540
CcS-9398,1,4541
CcS-9399,1,4542
CcS-9400,1,4543
CcS-9401,1,4544
CcS-9402,1,4545
CcS-9403,1,4546
CcS-9404,1,4547
CcS-9405,1,4548
CcS-9406,1,4549
CcS-9407,1,4550
CcS-9408,1,4551
CcS-9409,1,4552
CcS-9410,1,4553
CcS-9411,1,4554
CcS-9412,1,4555
CcS-9413,1,4556
CcS-9414,1,4557
CcS-9415,1,4558
CcS-9416,1,4559
CcS-9417,1,4560
CcS-9418,1,4561
CcS-9419,1,4562
CcS-9420,1,4563
CcS-9421,1,4564
CcS-9422,1,4565
CcS-9423,1,4566
CcS-9424,1,4567
CcS-9425,1,4568
CcS-9426,1,4569
CcS-9427,1,4570
CcS-9428,1,4571
CcS-9429,1,4572
CcS-9430,1,4573
CcS-9431,1,4574
CcS-9432,1,4575
CcS-9433,1,4576
CcS-9434,1,4577
CcS-9435,1,4578
CcS-9436,1,4579
CcS-9437,1,4580
CcS-9438,1,4581
CcS-9439,1,4582
CcS-9440,1,4583
CcS-9441,1,4584
CcS-9442,1,4585
CcS-9443,1,4586
CcS-9444,1,4587
CcS-9445,1,4588
CcS-9446,1,4589
CcS-9447,1,4590
CcS-9448,1,4591
CcS-9449,1,4592
CcS-9450,1,4593
CcS-9451,1,4594
CcS-9452,1,4595
CcS-9453,1,4596
CcS-9454,1,4597
CcS-9455,1,4598
CcS-9456,1,4599
CcS-9457,1,4600
CcS-9458,1,4601
CcS-9459,1,4602
CcS-9460,1,4603
CcS-9461,1,4604
CcS-9462,1,4605
CcS-9463,1,4606
CcS-9464,1,4607
CcS-9465,1,4608
CcS-9466,1,4609
CcS-9467,1,4610
CcS-9468,1,4611
CcS-9469,1,4612
CcS-9470,1,4613
CcS-9471,1,4614
CcS-9472,1,4615
CcS-9473,1,4616
CcS-9474,1,4617
CcS-9475,1,4618
CcS-9476,1,4619
CcS-9477,1,4620
CcS-9478,1,4621
CcS-9479,1,4622
CcS-9480,1,4623
CcS-9481,1,4624
CcS-9482,1,4625
CcS-9483,1,4626
CcS-9484,1,4627
CcS-9485,1,4628
CcS-9486,1,4629
CcS-9487,1,4630
CcS-9488,1,4631
CcS-9489,1,4632
CcS-9490,1,4633
CcS-9491,1,4634
CcS-9492,1,4635
CcS-9493,1,4636
CcS-9494,1,4637
CcS-9495,1,4638
CcS-9496,1,4639
CcS-9497,1,4640
CcS-9498,1,4641
CcS-9499,1,4642
CcS-9500,1,4643
CcS-9501,1,4644
CcS-9502,1,4645
CcS-9503,1,4646
CcS-9504,1,4647
CcS-9505,1,4648
CcS-9506,1,4649
CcS-9507,1,4650
CcS-9508,1,4651
CcS-9509,1,4652
CcS-9510,1,4653
CcS-9511,1,4654
CcS-9512,1,4655
CcS-9513,1,4656
CcS-9514,1,4657
CcS-9515,1,4658
CcS-9516,1,4659
CcS-9517,1,4660
CcS-9518,1,4661
CcS-9519,1,4662
CcS-9520,1,4663
CcS-9521,1,4664
CcS-9522,1,4665
CcS-9523,1,4666
CcS-9524,1,4667
CcS-9525,1,4668
CcS-9526,1,4669
CcS-9527,1,4670
CcS-9528,1,4671
CcS-9529,1,4672
CcS-9530,1,4673
CcS-9531,1,4674
CcS-9532,1,4675
CcS-9533,1,4676
CcS-9534,1,4677
CcS-9535,1,4678
CcS-9536,1,4679
CcS-9537,1,4680
CcS-9538,1,4681
CcS-9539,1,4682
CcS-9540,1,4683
CcS-9541,1,4684
CcS-9542,1,4685
CcS-9543,1,4686
CcS-9544,1,4687
CcS-9545,1,4688
CcS-9546,1,4689
CcS-9547,1,4690
CcS-9548,1,4691
CcS-9549,1,4692
CcS-9550,1,4693
CcS-9551,1,4694
CcS-9552,1,4695
CcS-9553,1,4696
CcS-9554,1,4697
CcS-9555,1,4698
CcS-9556,1,4699
CcS-9557,1,4700
CcS-9558,1,4701
CcS-9559,1,4702
CcS-9560,1,4703
CcS-9561,1,4704
CcS-9562,1,4705
CcS-9563,1,4706
CcS-9564,1,4707
CcS-9565,1,4708
CcS-9566,1,4709
CcS-9567,1,4710
CcS-9568,1,4711
CcS-9569,1,4712
CcS-9570,1,4713
CcS-9571,1,4714
CcS-9572,1,4715
CcS-9573,1,4716
CcS-9574,1,4717
CcS-9575,1,4718
CcS-9576,1,4719
CcS-9577,1,4720
CcS-9578,1,4721
CcS-9579,1,4722
CcS-9580,1,4723
CcS-9581,1,4724
CcU-2938,1,4725
CcU-2945,1,4726
CcU-2952,1,4727
CcU-2959,1,4728
CcU-2966,1,4729
CcU-2973,1,4730
CcU-2980,1,4731
CcU-2987,1,4732
CcU-2994,1,4733
CcU-3001,1,4734
CcU-3008,1,4735
CcU-3015,1,4736
CcU-3022,1,4737
CcU-3029,1,4738
CcU-3036,1,4739
CcU-3043,1,4740
CcU-3050,1,4741
CcU-3057,1,4742
CcU-3064,1,4743
CcU-3071,1,4744
CcU-3078,1,4745
CcU-3085,1,4746
CcU-3092,1,4747
CcU-3099,1,4748
CcU-3106,1,4749
CcU-3113,1,4750
CcU-3120,1,4751
CcU-3127,1,4752
CcU-3134,1,4753
CcU-3141,1,4754
CcU-3148,1,4755
CcU-3155,1,4756
CcU-3162,1,4757
CcU-3169,1,4758
CcU-3176,1,4759
CcU-3183,1,4760
CcU-3190,1,4761
CcU-3197,1,4762
CcU-3204,1,4763
CcU-3211,1,4764
CcU-3218,1,4765
CcU-3225,1,4766
CcU-3232,1,4767
CcU-3239,1,4768
CcU-3246,1,4769
CcU-3253,1,4770
CcU-3260,1,4771
CcU-3267,1,4772
CcU-3274,1,4773
CcU-3281,1,4774
CcU-3288,1,4775
CcU-3295,1,4776
CcU-3302,1,4777
CcU-3309,1,4778
CcU-3316,1,4779
CcU-3323,1,4780
CcU-3330,1,4781
CcU-3337,1,4782
CcU-3344,1,4783
CcU-3351,1,4784
CcU-3358,1,4785
CcU-3365,1,4786
CcU-3372,1,4787
CcU-3379,1,4788
CcU-3386,1,4789
CcU-3393,1,4790
CcU-3400,1,4791
CcU-3407,1,4792
CcU-3414,1,4793
CcU-3421,1,4794
CcU-3428,1,4795
CcU-3435,1,4796
CcU-3442,1,4797
CcU-3449,1,4798
CcU-3456,1,4799
CcU-3463,1,4800
CcU-3470,1,4801
CcU-3477,1,4802
CcU-3484,1,4803
CcU-3491,1,4804
CcU-3498,1,4805
CcU-3505,1,4806
CcU-3512,1,4807
CcU-3519,1,4808
CcU-3526,1,4809
CcU-3533,1,4810
CcU-3540,1,4811
CcU-3547,1,4812
CcU-3554,1,4813
CcU-3561,1,4814
CcU-3568,0,4815
CcU-3575,1,4816
CcU-3582,1,4817
CcU-3589,1,4818
CcU-3596,1,4819
CcU-3603,1,4820
CcU-3610,1,4821
CcU-3617,1,4822
CcU-3624,1,4823
CcU-3631,1,4824
CcU-3638,1,4825
CcU-3645,1,4826
CcU-3652,1,4827
CcU-3659,1,4828
CcU-3666,1,4829
CcU-3673,1,4830
CcU-3680,1,4831
CcU-3687,1,4832
CcU-3694,1,4833
CcU-3701,1,4834
CcU-3708,1,4835
CcU-3715,1,4836
CcU-3722,1,4837
CcU-3729,1,4838
CcU-3736,1,4839
CcU-3743,1,4840
CcU-3750,1,4841
CcU-3757,1,4842
CcU-3764,1,4843
CcU-3771,1,4844
CcU-3778,1,4845
CcU-3785,1,4846
CcU-3792,1,4847
CcU-3799,1,4848
CcU-3806,1,4849
CcU-3813,1,4850
CcU-3820,1,4851
CcU-3827,1,4852
CcU-3834,1,4853
CcU-3841,1,4854
CcU-3848,1,4855
CcU-3855,1,4856
CcU-3862,1,4857
CcU-3869,1,4858
CcU-3876,1,4859
CcU-3883,1,4860
CcU-3890,1,4861
CcU-3897,1,4862
CcU-3904,1,4863
CcU-3911,1,4864
CcU-3918,1,4865
CcU-3925,1,4866
CcU-3932,1,4867
CcU-3939,1,4868
CcU-3946,1,4869
CcU-3953,1,4870
CcU-3960,1,4871
CcU-3967,1,4872
CcU-3974,1,4873
CcU-3981,1,4874
CcU-3988,1,4875
CcU-3995,1,4876
CcU-4002,1,4877
CcU-4009,1,4878
CcU-4016,1,4879
CcU-4023,1,4880
CcU-4030,1,4881
CcU-4037,1,4882
CcU-4044,1,4883
CcU-4051,1,4884
CcU-4058,1,4885
CcU-4065,1,4886
CcU-4072,1,4887
CcU-4079,1,4888
CcU-4086,1,4889
CcU-4093,1,4890
CcU-4100,1,4891
CcU-4107,1,4892
CcU-4114,1,4893
CcU-4121,1,4894
CcU-4128,1,4895
CcU-4135,1,4896
CcU-4142,1,4897
CcU-4149,1,4898
CcU-4156,1,4899
CcU-4163,1,4900
CcU-4170,1,4901
CcU-4177,1,4902
CcU-4184,1,4903
CcU-4191,1,4904
CcU-4198,1,4905
CcU-4205,1,4906
CcU-4212,1,4907
CcU-4219,1,4908
CcU-4226,1,4909
CcU-4233,1,4910
CcU-4240,1,4911
CcU-4247,1,4912
CcU-4254,1,4913
CcU-4261,1,4914
CcU-4268,1,4915
CcU-4275,1,4916
CcU-4282,1,4917
CcU-4289,1,4918
CcU-4296,1,4919
CcU-4303,1,4920
CcU-4310,1,4921
CcU-4317,1,4922
CcU-4324,1,4923
CcU-4331,1,4924
CcU-4338,1,4925
CcU-4345,1,4926
CcU-4352,1,4927
CcU-4359,1,4928
CcU-4366,1,4929
CcU-4373,1,4930
CcU-4380,1,4931
CcU-4387,1,4932
CcU-4394,1,4933
CcU-4401,1,4934
CcU-4408,1,4935
CcU-4415,1,4936
CcU-4422,1,4937
CcU-4429,1,4938
CcU-4436,1,4939
CcU-4443,1,4940
CcU-4450,1,4941
CcU-4457,1,4942
CcU-4464,1,4943
CcU-4471,1,4944
CcU-4478,1,4945
CcU-4485,1,4946
CcU-4492,1,4947
CcU-4499,1,4948
CcU-4506,1,4949
CcU-4513,1,4950
CcU-4520,1,4951
CcU-4527,1,4952
CcU-4534,1,4953
CcU-4541,1,4954
CcU-4548,1,4955
CcU-4555,1,4956
CcU-4562,1,4957
CcU-4569,1,4958
CcU-4576,1,4959
CcU-4583,1,4960
CcU-4590,1,4961
CcU-4597,1,4962
CcU-4604,1,4963
CcU-4611,1,4964
CcU-4618,1,4965
CcU-4625,1,4966
CcU-4632,1,4967
CcU-4639,1,4968
CcU-4646,1,4969
CcU-4653,1,4970
CcU-4660,1,4971
CcU-4667,1,4972
CcU-4674,1,4973
CcU-4681,1,4974
CcU-4688,1,4975
CcU-4695,1,4976
CcU-4702,1,4977
CcU-4709,1,4978
CcU-4716,1,4979
CcU-4723,1,4980
CcU-4730,1,4981
CcU-4737,1,4982
CcU-4744,1,4983
CcU-4751,1,4984
CcU-4758,1,4985
CcU-4765,1,4986
CcU-4772,1,4987
CcU-4779,1,4988
CcU-4786,1,4989
CcU-4793,1,4990
CcU-4800,1,4991
CcU-4807,1,4992
CcU-4814,1,4993
CcU-4821,1,4994
CcU-4828,1,4995
CcU-4835,1,4996
CcU-4842,1,4997
CcU-4849,1,4998
CcU-4856,1,4999
